PM1.0,PM2.5,PM10,D.3,D.5,D1.0,D2.5,D5.0,D10,T,H
60,73,76,9384,2900,342,12,5,2,19.30,50.00
59,74,77,9399,2909,356,12,5,1,19.30,50.10
59,73,76,9405,2904,339,12,5,1,19.30,50.00
60,74,76,9513,2933,324,12,4,1,19.30,50.00
60,74,76,9513,2931,324,11,4,1,19.30,49.90
60,73,76,9417,2909,315,14,4,1,19.40,50.00
59,73,74,9366,2879,320,11,1,0,19.30,50.00
58,73,74,9327,2862,331,12,2,0,19.40,50.00
58,74,75,9342,2862,339,12,2,0,19.30,50.10
58,74,76,9384,2884,344,10,2,0,19.30,49.90
58,74,76,9315,2867,345,12,3,1,19.40,50.00
60,74,77,9534,2935,335,10,3,2,19.30,50.00
60,76,79,9600,2957,362,13,3,2,19.30,50.00
60,76,79,9600,2957,362,13,3,2,19.30,50.00
60,76,79,9600,2957,362,13,3,2,19.30,49.90
59,75,79,9549,2928,362,15,4,2,19.30,49.90
59,75,79,9549,2928,362,15,4,2,19.30,49.90
59,75,79,9549,2928,362,15,4,2,19.30,50.00
59,77,81,9705,2976,367,16,5,2,19.30,49.90
59,77,81,9705,2976,367,16,5,2,19.30,50.00
59,77,81,9705,2976,367,16,5,2,19.40,49.90
61,79,83,9990,3068,376,16,5,2,19.40,50.00
61,79,83,9990,3068,376,16,5,2,19.30,50.00
61,79,83,9990,3068,376,16,5,2,19.40,50.00
62,80,84,10101,3105,376,19,5,2,19.30,50.00
62,80,84,10101,3105,376,19,5,2,19.40,49.90
62,80,84,10101,3105,376,19,5,2,19.30,49.90
64,81,87,10320,3171,379,23,7,2,19.30,49.90
64,81,87,10320,3171,379,23,7,2,19.40,50.00
64,81,87,10320,3171,379,23,7,2,19.40,50.00
66,84,90,10581,3261,393,28,8,2,19.40,49.90
67,87,93,10962,3365,413,30,8,2,19.30,49.90
70,93,99,11409,3519,453,33,8,2,19.30,49.90
72,96,101,11679,3609,480,35,7,1,19.30,49.90
74,98,103,11874,3676,483,35,7,1,19.30,49.90
77,102,106,12267,3822,500,35,6,1,19.40,50.10
77,102,105,12252,3815,493,35,5,1,19.40,50.00
81,110,118,12957,4036,563,45,10,2,19.40,50.00
83,113,122,13203,4116,596,50,13,2,19.40,50.10
113,275,461,20733,6641,2538,564,239,97,19.40,50.10
140,439,798,28089,9113,4578,1076,460,168,19.30,50.00
153,623,1310,35625,11660,6971,1978,859,331,19.30,50.00
182,691,1417,40404,13219,7677,2091,917,348,19.40,50.00
207,817,1656,46473,15251,9181,2453,1054,410,19.40,50.10
219,837,1684,48285,15821,9341,2480,1064,415,19.40,50.00
221,840,1690,48681,15930,9362,2483,1070,416,19.40,50.00
224,843,1694,49029,16043,9378,2483,1070,416,19.30,49.90
223,839,1686,48876,15979,9345,2471,1066,415,19.40,50.00
226,842,1689,49332,16124,9350,2468,1064,415,19.40,50.10
226,842,1689,49332,16124,9350,2468,1064,415,19.40,50.00
226,842,1689,49332,16124,9350,2468,1064,415,19.40,50.10
200,687,1355,42423,13791,7440,1954,835,320,19.40,50.00
200,687,1355,42423,13791,7440,1954,835,320,19.40,50.00
200,687,1355,42423,13791,7440,1954,835,320,19.40,50.00
174,523,1019,35220,11366,5405,1440,613,249,19.40,49.90
162,340,508,27711,8848,3009,538,217,89,19.40,50.00
132,268,398,22764,7216,2260,422,159,72,19.30,49.90
107,143,162,16797,5223,774,62,25,11,19.30,50.00
97,123,135,15255,4729,611,33,15,6,19.40,49.90
95,121,130,14853,4613,590,32,10,6,19.30,49.90
94,121,130,14721,4577,600,37,10,6,19.40,50.00
90,116,125,14088,4400,556,37,10,6,19.40,50.00
86,110,117,13407,4175,523,32,9,6,19.40,50.00
81,104,112,12693,3970,506,30,9,6,19.40,49.90
79,101,111,12420,3882,481,32,12,7,19.40,49.90
77,99,108,12072,3773,481,34,10,4,19.40,49.90
75,96,104,11721,3671,466,31,9,3,19.40,49.90
75,96,104,11721,3671,466,31,9,3,19.40,50.00
75,96,104,11721,3671,466,31,9,3,19.40,49.90
72,91,96,11205,3501,414,29,6,2,19.30,49.90
72,91,96,11205,3501,414,29,6,2,19.30,50.00
72,91,96,11205,3501,414,29,6,2,19.40,49.90
67,86,91,10521,3278,407,29,6,2,19.40,50.00
67,86,91,10521,3278,407,29,6,2,19.40,50.00
67,86,91,10521,3278,407,29,6,2,19.40,49.90
63,82,87,10224,3173,390,27,6,2,19.40,49.80
63,82,87,10224,3173,390,27,6,2,19.40,49.80
63,82,87,10224,3173,390,27,6,2,19.40,49.90
63,79,84,9984,3088,366,21,6,2,19.40,50.00
63,79,84,9984,3088,366,21,6,2,19.40,49.90
63,79,84,9984,3088,366,21,6,2,19.40,49.80
61,79,85,9882,3048,370,28,5,2,19.40,49.80
61,79,85,9882,3048,370,28,5,2,19.40,49.80
61,79,85,9882,3048,370,28,5,2,19.40,49.90
60,77,83,9642,2975,352,29,5,2,19.40,49.80
60,75,82,9603,2961,342,27,6,2,19.40,49.80
60,77,80,9615,2966,367,23,3,1,19.40,49.90
60,76,79,9600,2952,355,19,3,1,19.40,49.80
59,75,78,9498,2918,358,20,3,1,19.40,49.70
58,74,78,9351,2869,353,20,4,2,19.40,49.90
59,75,81,9561,2944,339,25,7,5,19.40,49.90
58,72,78,9414,2913,329,22,6,4,19.40,49.70
56,72,78,9270,2875,341,25,6,4,19.40,49.80
56,70,76,9144,2835,337,17,6,4,19.40,49.90
59,73,78,9381,2910,345,16,6,4,19.40,49.90
58,73,77,9339,2879,338,15,5,4,19.40,49.80
55,69,74,8982,2762,311,15,5,4,19.40,49.80
54,68,73,8901,2728,299,15,5,4,19.40,49.90
54,68,73,8901,2728,299,15,5,4,19.40,49.80
54,68,74,8874,2720,309,17,6,4,19.40,49.80
54,68,74,8874,2720,309,17,6,4,19.40,49.80
54,68,74,8874,2720,309,17,6,4,19.40,49.90
53,68,74,8832,2704,317,19,6,3,19.40,49.90
52,67,73,8832,2704,317,19,6,3,19.40,49.80
52,67,73,8832,2704,317,19,6,3,19.40,49.80
52,66,69,8688,2667,319,13,3,0,19.40,49.90
53,67,70,8688,2667,319,13,3,0,19.40,49.80
53,67,70,8688,2667,319,13,3,0,19.40,49.80
52,67,70,8625,2631,331,13,3,0,19.40,49.80
52,67,70,8625,2631,331,13,3,0,19.40,49.80
51,66,69,8625,2631,331,13,3,0,19.40,49.80
52,65,67,8634,2628,323,10,3,0,19.40,49.80
52,65,67,8634,2628,323,10,3,0,19.40,49.70
53,66,68,8634,2628,323,10,3,0,19.40,49.70
54,68,70,8877,2697,320,13,4,1,19.40,49.80
54,68,70,8877,2697,320,13,4,1,19.40,49.80
54,68,70,8877,2697,320,13,4,1,19.40,49.80
55,68,71,8958,2728,318,13,4,1,19.40,49.80
55,68,71,8958,2728,318,13,4,1,19.40,49.70
54,67,70,8958,2728,318,13,4,1,19.40,49.70
54,67,70,8952,2730,317,16,5,1,19.40,49.70
54,67,70,8952,2730,317,16,5,1,19.40,49.70
55,68,71,8952,2730,317,16,5,1,19.40,49.70
57,70,73,9186,2808,325,16,5,1,19.40,49.80
57,70,73,9186,2808,325,16,5,1,19.40,49.70
57,70,73,9186,2808,325,16,5,1,19.40,49.70
59,72,75,9363,2876,349,15,4,1,19.40,49.80
59,72,75,9363,2876,349,15,4,1,19.40,49.70
59,72,75,9363,2876,349,15,4,1,19.40,49.80
61,73,77,9588,2935,339,17,4,2,19.40,49.80
61,73,77,9588,2935,339,17,4,2,19.40,49.80
61,73,77,9588,2935,339,17,4,2,19.40,49.70
61,72,75,9675,2968,339,12,3,2,19.40,49.90
61,72,75,9675,2968,339,12,3,2,19.40,49.80
61,72,75,9675,2968,339,12,3,2,19.40,49.70
62,74,77,9834,2998,339,12,3,2,19.50,49.80
62,74,77,9834,2998,339,12,3,2,19.40,49.70
62,74,77,9834,2998,339,12,3,2,19.40,49.70
63,75,79,9972,3053,339,15,4,2,19.40,49.60
63,75,79,9972,3053,339,15,4,2,19.40,49.80
63,75,79,9972,3053,339,15,4,2,19.40,49.70
64,78,82,10263,3145,359,18,4,2,19.40,49.70
63,77,81,10263,3145,359,18,4,2,19.40,49.70
63,77,81,10263,3145,359,18,4,2,19.40,49.80
65,80,83,10533,3234,389,20,3,1,19.40,49.70
66,81,84,10533,3234,389,20,3,1,19.40,49.80
66,81,84,10533,3234,389,20,3,1,19.40,49.60
68,85,88,10848,3334,413,21,3,1,19.40,49.60
68,85,88,10848,3334,413,21,3,1,19.40,49.70
68,85,88,10848,3334,413,21,3,1,19.40,49.60
69,87,89,11130,3429,419,18,2,1,19.40,49.60
69,86,90,11202,3451,423,20,3,2,19.40,49.60
71,88,91,11433,3529,414,20,3,2,19.40,49.70
73,91,93,11847,3658,443,16,2,1,19.40,49.60
75,95,97,12426,3831,477,17,2,1,19.40,49.70
78,98,102,12813,3973,494,22,5,1,19.40,49.70
81,102,106,13218,4094,509,22,5,1,19.40,49.60
83,104,110,13203,4087,507,24,8,1,19.40,49.70
83,103,109,13143,4065,489,20,8,1,19.40,49.70
82,101,107,12975,4007,481,20,9,1,19.40,49.70
80,99,106,12822,3960,483,21,10,2,19.40,49.70
82,101,107,13164,4064,484,18,9,1,19.40,49.70
81,100,107,13128,4022,481,19,10,1,19.40,49.60
81,100,107,13107,4026,469,18,10,1,19.40,49.70
79,97,105,12963,3970,456,20,10,1,19.40,49.80
77,96,102,12723,3891,454,16,8,1,19.40,49.70
77,96,102,12723,3891,454,16,8,1,19.40,49.70
78,97,103,12723,3891,454,16,8,1,19.40,49.70
77,94,100,12498,3818,442,14,7,1,19.40,49.80
77,94,100,12498,3818,442,14,7,1,19.40,49.80
77,94,100,12498,3818,442,14,7,1,19.40,49.70
77,94,99,12504,3830,430,12,4,1,19.50,49.70
77,94,99,12504,3830,430,12,4,1,19.40,49.80
77,94,99,12504,3830,430,12,4,1,19.40,49.80
110,185,239,18063,5666,1376,191,66,24,19.40,49.70
125,209,267,20289,6386,1556,210,71,24,19.40,49.60
152,255,331,24363,7708,1970,260,97,31,19.40,49.70
160,268,347,25578,8091,2073,271,98,32,19.40,49.70
165,275,356,26304,8341,2119,278,100,33,19.40,49.60
165,275,356,26304,8343,2124,279,100,33,19.40,49.60
166,276,357,26364,8382,2125,277,100,33,19.40,49.70
168,280,360,26583,8464,2144,279,100,33,19.50,49.70
170,283,364,26976,8591,2165,278,100,33,19.40,49.60
172,286,368,27309,8678,2182,280,103,36,19.40,49.50
139,195,228,21690,6826,1239,105,41,13,19.40,49.70
125,172,201,19494,6108,1055,86,35,13,19.40,49.70
99,129,139,15732,4876,665,40,9,5,19.40,49.70
92,117,126,14640,4534,581,29,8,4,19.40,49.60
92,117,126,14640,4534,581,29,8,4,19.40,49.80
89,113,119,14190,4396,537,24,6,4,19.40,49.70
89,113,119,14190,4396,537,24,6,4,19.40,49.80
89,113,119,14190,4396,537,24,6,4,19.40,49.70
88,112,119,13965,4322,539,28,6,4,19.40,49.80
88,112,119,13965,4322,539,28,6,4,19.40,49.70
88,112,119,13965,4322,539,28,6,4,19.40,49.70
88,112,119,13992,4319,532,32,6,4,19.40,49.70
87,109,115,13800,4249,517,30,5,4,19.50,49.70
85,107,115,13605,4173,513,33,6,4,19.40,49.70
83,104,109,13266,4057,507,28,3,1,19.40,49.70
85,106,110,13488,4122,510,23,3,1,19.50,49.60
83,104,108,13299,4069,492,22,3,1,19.40,49.70
80,100,104,13242,4042,456,22,3,1,19.40,49.60
79,99,103,13026,3977,451,23,3,1,19.50,49.70
77,97,100,12720,3873,451,23,2,0,19.40,49.70
81,101,104,12864,3904,449,18,2,0,19.40,49.70
79,98,102,12567,3821,451,14,3,1,19.40,49.70
79,97,102,12612,3830,447,13,3,1,19.40,49.70
77,95,97,12408,3775,429,11,2,1,19.40,49.80
77,95,97,12408,3775,429,11,2,1,19.40,49.80
77,95,97,12408,3775,429,11,2,1,19.50,49.70
77,95,98,12387,3790,412,14,2,1,19.40,49.70
76,94,97,12387,3790,412,14,2,1,19.40,49.70
76,94,97,12387,3790,412,14,2,1,19.40,49.70
75,93,98,12201,3737,429,17,5,4,19.40,49.70
75,93,98,12201,3737,429,17,5,4,19.50,49.80
75,93,98,12201,3737,429,17,5,4,19.50,49.80
74,94,100,12132,3725,452,22,6,4,19.40,49.70
74,94,100,12132,3725,452,22,6,4,19.50,49.70
74,94,100,12132,3725,452,22,6,4,19.40,49.70
72,91,96,11796,3616,449,18,6,4,19.50,49.90
72,90,96,11736,3589,437,18,7,4,19.50,49.70
71,90,97,11637,3564,447,20,10,4,19.50,49.80
69,87,95,11421,3494,423,21,11,4,19.40,49.70
68,87,94,11364,3477,415,23,11,3,19.50,49.70
67,87,95,11271,3444,414,26,12,4,19.50,49.70
66,85,93,11061,3376,415,25,12,4,19.50,49.70
69,88,97,11022,3371,418,22,12,4,19.50,49.80
67,87,94,10851,3312,405,24,10,1,19.40,49.80
69,88,97,11070,3380,412,25,10,1,19.50,49.70
68,88,99,11334,3461,422,29,14,4,19.40,49.70
67,87,98,11217,3434,426,31,14,4,19.40,49.70
68,88,97,11253,3449,433,26,11,4,19.50,49.80
68,88,97,11253,3449,433,26,11,4,19.50,49.70
68,88,97,11253,3449,433,26,11,4,19.40,49.60
70,90,98,11337,3492,461,26,10,4,19.40,49.70
70,90,98,11337,3492,461,26,10,4,19.40,49.80
70,90,98,11337,3492,461,26,10,4,19.50,49.70
70,89,97,11370,3507,459,23,9,4,19.40,49.70
70,89,97,11370,3507,459,23,9,4,19.40,49.70
70,89,97,11370,3507,459,23,9,4,19.50,49.70
69,88,96,11244,3460,464,25,9,3,19.50,49.70
69,88,96,11244,3460,464,25,9,3,19.40,49.70
70,89,97,11244,3460,464,25,9,3,19.50,49.70
72,92,101,11460,3530,474,30,12,4,19.40,49.70
72,92,101,11460,3530,474,30,12,4,19.40,49.70
72,92,101,11460,3530,474,30,12,4,19.50,49.70
71,90,99,11511,3537,471,30,12,4,19.40,49.70
71,90,99,11511,3537,471,30,12,4,19.50,49.60
71,90,99,11511,3537,471,30,12,4,19.50,49.70
73,91,100,11577,3552,471,28,11,4,19.50,49.70
73,91,100,11577,3552,471,28,11,4,19.50,49.60
73,91,100,11577,3552,471,28,11,4,19.40,49.70
71,89,97,11541,3544,471,23,10,4,19.50,49.60
71,89,97,11541,3544,471,23,10,4,19.50,49.60
71,89,97,11541,3544,471,23,10,4,19.40,49.60
73,90,95,11448,3534,473,19,6,1,19.40,49.60
73,90,95,11448,3534,473,19,6,1,19.40,49.60
73,90,95,11448,3534,473,19,6,1,19.50,49.70
71,88,92,11466,3523,461,19,5,1,19.50,49.60
71,88,92,11466,3523,461,19,5,1,19.50,49.60
71,88,92,11466,3523,461,19,5,1,19.50,49.60
72,90,94,11676,3590,459,22,5,1,19.50,49.60
74,93,98,11628,3559,443,26,5,1,19.50,49.60
73,93,97,11622,3530,448,26,5,1,19.50,49.50
74,93,98,11778,3586,444,22,5,1,19.50,49.60
73,91,94,11886,3615,451,18,3,0,19.50,49.60
74,92,96,11943,3630,459,21,6,0,19.50,49.60
75,93,98,12174,3710,455,21,9,1,19.50,49.60
77,95,103,12504,3798,460,25,12,1,19.50,49.60
78,96,104,12777,3858,460,25,12,1,19.50,49.70
81,100,108,13068,3972,485,25,13,1,19.50,49.60
81,100,110,13236,4006,487,27,16,1,19.50,49.60
83,101,111,13512,4101,489,23,16,1,19.50,49.60
85,104,114,13809,4210,511,24,16,1,19.50,49.70
85,104,114,13809,4210,511,24,16,1,19.40,49.60
85,104,114,13809,4210,511,24,16,1,19.40,49.70
87,105,115,13989,4266,520,23,15,1,19.50,49.60
88,106,116,13989,4266,520,23,15,1,19.50,49.80
88,106,116,13989,4266,520,23,15,1,19.50,49.60
88,106,115,13992,4261,512,22,14,1,19.50,49.50
88,106,115,13992,4261,512,22,14,1,19.50,49.70
88,106,115,13992,4261,512,22,14,1,19.50,49.50
89,108,115,14211,4324,510,22,12,1,19.50,49.60
89,108,115,14211,4324,510,22,12,1,19.50,49.50
89,108,115,14211,4324,510,22,12,1,19.50,49.70
91,111,119,14508,4406,521,24,12,3,19.50,49.50
91,111,119,14508,4406,521,24,12,3,19.50,49.60
91,111,119,14508,4406,521,24,12,3,19.50,49.60
91,112,118,14586,4430,521,24,9,3,19.50,49.60
91,112,118,14586,4430,521,24,9,3,19.50,49.60
91,112,118,14586,4430,521,24,9,3,19.50,49.50
92,111,116,14487,4416,521,23,8,3,19.50,49.60
90,109,114,14370,4362,509,21,8,3,19.50,49.60
90,110,114,14367,4372,514,17,5,3,19.50,49.60
91,111,115,14496,4403,528,16,5,3,19.50,49.50
91,112,115,14577,4430,515,18,5,3,19.50,49.60
91,112,117,14571,4434,520,19,6,4,19.50,49.60
92,115,120,14664,4478,537,24,7,5,19.50,49.70
92,115,120,14634,4470,542,22,7,6,19.50,49.60
89,111,114,14367,4395,531,17,4,3,19.50,49.60
89,111,114,14301,4385,545,12,4,3,19.50,49.70
90,114,117,14490,4445,560,13,4,3,19.50,49.50
93,117,122,14745,4527,574,20,6,3,19.50,49.60
92,115,120,14535,4460,558,22,7,4,19.50,49.60
92,115,122,14541,4472,564,25,8,4,19.50,49.60
92,115,123,14478,4450,577,23,9,4,19.50,49.60
92,117,124,14607,4489,587,27,9,4,19.50,49.60
92,117,124,14607,4489,587,27,9,4,19.50,49.60
92,117,124,14607,4489,587,27,9,4,19.50,49.60
91,114,121,14460,4451,566,23,8,3,19.50,49.60
91,115,122,14499,4458,572,27,8,3,19.50,49.70
91,116,123,14460,4456,583,32,8,3,19.50,49.60
90,114,122,14292,4384,573,35,8,3,19.50,49.60
89,113,121,14100,4333,549,40,8,3,19.50,49.70
87,112,117,13791,4248,540,33,5,3,19.40,49.60
86,111,116,13902,4274,540,30,4,2,19.50,49.50
84,109,113,13692,4223,523,27,3,2,19.50,49.60
85,109,113,13785,4245,518,31,3,2,19.50,49.70
85,107,110,13584,4177,493,26,2,1,19.50,49.50
85,108,111,13704,4201,502,26,3,1,19.50,49.60
87,109,111,13833,4252,502,22,2,0,19.50,49.60
87,108,112,13938,4269,491,20,5,0,19.50,49.50
87,108,112,13938,4269,491,20,5,0,19.50,49.70
87,108,112,13938,4269,491,20,5,0,19.50,49.60
87,109,112,14049,4327,503,22,5,0,19.50,49.60
88,110,113,14100,4350,532,17,6,0,19.50,49.60
87,109,112,14109,4336,522,17,6,0,19.50,49.60
89,111,114,14058,4341,541,18,7,0,19.50,49.50
88,110,115,14007,4312,533,23,10,0,19.50,49.40
87,108,114,13788,4254,525,23,12,0,19.50,49.60
86,108,115,13890,4286,516,24,12,0,19.50,49.60
86,109,116,13890,4305,516,26,12,0,19.50,49.50
85,107,115,13680,4237,510,26,13,1,19.50,49.60
85,108,115,13650,4247,519,28,13,1,19.50,49.50
85,108,116,13779,4271,519,24,13,1,19.50,49.60
86,108,116,13998,4319,507,24,13,2,19.50,49.60
88,111,120,14232,4399,511,29,16,2,19.50,49.60
88,111,120,14232,4399,511,29,16,2,19.50,49.60
88,111,120,14232,4399,511,29,16,2,19.50,49.60
88,110,121,14442,4462,496,31,16,3,19.50,49.60
88,110,121,14442,4462,496,31,16,3,19.50,49.60
88,110,121,14442,4462,496,31,16,3,19.50,49.60
90,113,123,14619,4511,516,29,14,3,19.50,49.50
90,113,123,14619,4511,516,29,14,3,19.50,49.50
90,113,123,14619,4511,516,29,14,3,19.50,49.60
91,113,121,14730,4533,510,25,11,3,19.50,49.50
90,112,120,14730,4533,510,25,11,3,19.50,49.60
90,112,120,14730,4533,510,25,11,3,19.50,49.60
91,114,121,14868,4584,515,25,11,3,19.50,49.60
92,115,122,14868,4584,515,25,11,3,19.50,49.50
92,115,122,14868,4584,515,25,11,3,19.50,49.70
93,115,124,14967,4593,523,25,13,4,19.50,49.60
92,114,123,14967,4593,523,25,13,4,19.50,49.50
92,114,123,14967,4593,523,25,13,4,19.50,49.50
91,114,122,14901,4574,525,27,12,3,19.50,49.50
91,114,122,14901,4574,525,27,12,3,19.50,49.50
91,114,122,14901,4574,525,27,12,3,19.50,49.60
91,114,120,14922,4568,518,23,9,3,19.50,49.50
91,114,120,14922,4568,518,23,9,3,19.50,49.60
92,115,121,14922,4568,518,23,9,3,19.50,49.50
91,113,121,14721,4493,504,27,12,4,19.50,49.60
91,113,121,14721,4493,504,27,12,4,19.50,49.50
90,112,120,14721,4493,504,27,12,4,19.50,49.60
89,112,121,14556,4444,523,32,14,4,19.50,49.50
89,112,121,14556,4444,523,32,14,4,19.50,49.50
89,112,121,14556,4444,523,32,14,4,19.50,49.50
88,110,118,14379,4388,521,29,11,4,19.50,49.50
88,110,118,14379,4388,521,29,11,4,19.50,49.60
89,111,119,14379,4388,521,29,11,4,19.50,49.50
87,110,119,14175,4315,528,32,13,3,19.50,49.50
87,110,119,14175,4315,528,32,13,3,19.60,49.60
87,110,119,14175,4315,528,32,13,3,19.50,49.60
85,106,115,13971,4257,511,30,12,3,19.50,49.40
85,106,115,13971,4257,511,30,12,3,19.50,49.50
85,106,115,13971,4257,511,30,12,3,19.50,49.50
86,108,117,14007,4283,522,29,12,3,19.50,49.40
84,108,118,13767,4200,539,34,13,3,19.60,49.40
84,107,115,13650,4171,533,31,10,2,19.50,49.50
84,107,116,13584,4171,533,31,11,3,19.60,49.50
84,107,117,13437,4128,542,36,14,3,19.50,49.50
83,106,115,13260,4099,534,32,11,2,19.50,49.40
83,105,112,13221,4080,512,29,8,1,19.50,49.50
84,107,114,13353,4121,520,29,9,2,19.50,49.40
84,107,112,13272,4100,518,26,7,2,19.50,49.50
84,107,112,13251,4092,517,28,7,2,19.50,49.50
83,106,112,13104,4048,510,29,8,2,19.50,49.40
84,107,113,13278,4107,512,28,8,2,19.60,49.50
83,107,115,13230,4079,513,34,11,2,19.50,49.40
83,107,115,13230,4079,513,34,11,2,19.50,49.50
83,107,115,13230,4079,513,34,11,2,19.60,49.50
82,105,113,13146,4024,503,32,10,1,19.50,49.30
82,105,113,13146,4024,503,32,10,1,19.50,49.30
82,105,113,13146,4024,503,32,10,1,19.50,49.50
81,104,109,13200,4041,492,29,8,1,19.50,49.40
81,103,110,13236,4034,495,29,9,1,19.60,49.40
81,102,109,13221,4036,488,27,9,1,19.50,49.40
80,102,107,12762,3898,463,27,8,0,19.60,49.40
79,100,105,12612,3852,451,25,7,0,19.50,49.40
80,100,106,12630,3872,461,23,8,0,19.50,49.30
79,99,104,12705,3897,464,22,7,0,19.50,49.30
79,99,103,12639,3878,466,22,6,0,19.50,49.30
80,99,102,12783,3938,466,16,3,0,19.50,49.30
82,102,106,13008,4022,497,21,4,0,19.50,49.20
81,101,105,12963,4000,491,21,3,0,19.60,49.30
81,100,104,12942,3988,479,21,2,0,19.50,49.30
81,100,104,12870,3976,488,21,2,0,19.50,49.30
82,101,105,12870,3976,488,21,2,0,19.50,49.30
82,101,105,12870,3976,488,21,2,0,19.50,49.30
83,101,105,12945,3993,490,19,2,0,19.50,49.30
84,103,107,13131,4060,495,21,2,0,19.50,49.40
84,103,108,13272,4093,491,23,2,0,19.50,49.30
83,103,109,13233,4063,498,29,3,1,19.50,49.30
82,101,108,13188,4052,476,25,4,2,19.60,49.40
82,101,110,13128,4026,483,33,7,2,19.60,49.30
82,100,108,13083,4007,449,30,7,3,19.50,49.30
81,100,108,13068,3995,455,28,8,3,19.50,49.30
82,101,109,13089,4026,457,28,8,3,19.50,49.40
82,100,110,13128,4031,443,32,9,3,19.50,49.30
83,102,112,13344,4107,453,31,9,3,19.60,49.30
84,103,114,13404,4124,463,33,12,3,19.50,49.30
84,104,114,13497,4142,463,30,11,3,19.60,49.30
83,103,113,13497,4142,463,30,11,3,19.60,49.30
83,103,113,13497,4142,463,30,11,3,19.60,49.30
83,103,110,13485,4128,455,27,10,2,19.60,49.30
84,104,111,13485,4128,455,27,10,2,19.60,49.40
84,104,111,13485,4128,455,27,10,2,19.50,49.20
84,104,112,13428,4104,448,32,10,1,19.50,49.30
84,104,112,13428,4104,448,32,10,1,19.50,49.30
83,103,111,13428,4104,448,32,10,1,19.60,49.40
85,103,109,13560,4157,433,27,7,1,19.60,49.30
84,104,109,13566,4155,453,27,6,0,19.50,49.40
86,106,110,13674,4192,450,26,5,0,19.60,49.30
88,107,111,13791,4230,460,26,5,0,19.50,49.50
88,108,112,13878,4257,472,22,4,0,19.50,49.30
88,110,113,14061,4310,480,25,4,0,19.60,49.40
88,109,111,14085,4300,472,23,1,0,19.60,49.40
87,109,112,13968,4272,476,26,1,0,19.50,49.30
89,111,113,14127,4326,477,28,2,0,19.60,49.30
89,111,113,14199,4360,497,22,1,0,19.50,49.20
88,112,115,14187,4350,517,24,2,1,19.50,49.40
87,111,113,14151,4345,515,21,2,1,19.50,49.40
86,111,113,14073,4328,525,22,2,1,19.60,49.30
86,111,113,14073,4328,525,22,2,1,19.60,49.40
87,112,114,14073,4328,525,22,2,1,19.60,49.40
87,110,114,14037,4300,520,24,5,1,19.50,49.40
87,110,114,14037,4300,520,24,5,1,19.60,49.20
87,110,114,14037,4300,520,24,5,1,19.60,49.20
87,111,115,14064,4312,537,28,6,1,19.60,49.30
86,111,116,13932,4266,534,33,6,1,19.60,49.30
86,110,117,13932,4261,539,33,9,1,19.60,49.40
86,110,117,13818,4245,558,33,10,2,19.60,49.40
85,109,117,13623,4211,560,31,10,2,19.50,49.30
85,108,116,13719,4233,548,31,10,2,19.60,49.30
84,106,114,13578,4185,533,27,9,1,19.50,49.30
84,106,115,13599,4195,545,28,10,2,19.50,49.20
85,106,114,13626,4209,540,27,10,2,19.60,49.30
85,108,114,13611,4213,550,27,7,2,19.60,49.20
85,106,113,13497,4176,529,23,7,3,19.60,49.30
85,106,112,13404,4144,527,15,7,3,19.60,49.30
84,105,110,13185,4075,527,15,5,3,19.60,49.30
84,105,110,13185,4075,527,15,5,3,19.50,49.30
84,105,110,13185,4075,527,15,5,3,19.60,49.30
83,101,105,13095,4036,504,12,4,2,19.60,49.30
83,101,105,13095,4036,504,12,4,2,19.60,49.30
83,101,105,13095,4036,504,12,4,2,19.60,49.20
83,101,105,13035,3989,495,12,3,2,19.60,49.20
83,101,105,13035,3989,495,12,3,2,19.60,49.20
83,101,105,13035,3989,495,12,3,2,19.60,49.10
82,100,104,12909,3941,504,15,3,2,19.60,49.20
82,100,104,12909,3941,504,15,3,2,19.60,49.20
82,100,104,12909,3941,504,15,3,2,19.60,49.20
80,98,102,12801,3900,499,15,4,3,19.60,49.10
80,98,102,12801,3900,499,15,4,3,19.60,49.10
80,98,102,12801,3900,499,15,4,3,19.60,49.10
80,98,101,12642,3846,484,17,4,2,19.60,49.10
80,98,101,12642,3846,484,17,4,2,19.60,49.00
80,98,101,12642,3846,484,17,4,2,19.60,49.10
79,97,101,12453,3780,467,22,5,2,19.60,49.10
79,97,101,12453,3780,467,22,5,2,19.60,49.10
79,97,101,12453,3780,467,22,5,2,19.60,49.10
77,93,97,12198,3690,436,19,5,2,19.60,49.00
77,93,97,12198,3690,436,19,5,2,19.60,49.00
77,93,97,12198,3690,436,19,5,2,19.60,49.00
75,91,95,11919,3601,425,21,5,2,19.60,49.00
75,91,95,11919,3601,425,21,5,2,19.50,49.00
75,91,95,11919,3601,425,21,5,2,19.60,49.00
73,89,94,11613,3512,413,24,6,3,19.60,49.10
72,88,93,11613,3512,413,24,6,3,19.60,49.00
72,88,93,11613,3512,413,24,6,3,19.60,48.90
71,85,90,11337,3453,398,21,5,3,19.60,49.00
71,85,90,11337,3453,398,21,5,3,19.60,48.90
72,86,91,11337,3453,398,21,5,3,19.60,48.90
72,88,93,11433,3475,397,27,6,3,19.60,48.90
73,88,92,11427,3504,396,25,6,3,19.60,48.80
72,89,93,11295,3468,391,27,6,3,19.60,48.90
70,87,90,11049,3397,384,26,5,2,19.60,48.80
69,86,91,10920,3363,365,28,7,3,19.60,48.90
69,84,89,10863,3351,362,23,6,3,19.60,48.90
70,87,91,11019,3415,381,26,6,3,19.60,48.80
71,87,91,11085,3442,379,23,5,2,19.60,48.90
71,86,89,11055,3427,376,20,4,1,19.60,48.80
72,87,91,11190,3447,372,23,5,2,19.60,48.90
68,83,86,10719,3306,351,18,4,2,19.60,48.80
66,79,83,10323,3164,334,18,5,2,19.60,48.80
64,75,79,10035,3076,312,13,5,2,19.60,48.80
64,75,79,10035,3076,312,13,5,2,19.60,48.80
63,74,78,10035,3076,312,13,5,2,19.60,48.90
63,75,81,10170,3125,309,16,8,3,19.60,48.80
63,75,81,10170,3125,309,16,8,3,19.60,48.70
64,76,82,10170,3125,309,16,8,3,19.60,48.70
87,151,188,14496,4532,1094,170,40,10,19.60,48.80
91,157,194,15114,4719,1138,171,40,10,19.60,48.70
89,156,192,14967,4677,1125,168,40,10,19.60,48.80
89,156,191,15069,4701,1133,168,40,10,19.60,48.80
90,158,193,15303,4779,1135,169,41,10,19.60,48.70
90,157,192,15276,4778,1127,167,41,9,19.50,48.80
113,198,245,18693,5886,1531,200,51,14,19.60,48.80
152,354,479,26391,8470,3256,530,145,42,19.60,48.80
190,506,723,33906,10983,4954,882,264,98,19.60,48.70
220,568,805,38628,12523,5600,964,289,112,19.60,48.80
206,504,713,35565,11506,4904,818,257,107,19.60,48.90
204,501,709,35229,11389,4887,818,257,107,19.60,49.00
205,507,715,35325,11399,4893,818,257,107,19.60,48.90
205,507,715,35325,11399,4893,818,257,107,19.60,48.90
205,507,715,35325,11399,4893,818,257,107,19.60,49.00
206,507,717,35442,11440,4898,821,258,108,19.60,49.10
206,505,715,35442,11440,4898,821,258,108,19.60,49.00
206,505,715,35442,11440,4898,821,258,108,19.60,49.00
205,504,714,35355,11405,4892,821,257,108,19.60,48.90
205,504,714,35355,11405,4892,821,257,108,19.60,48.90
205,504,714,35355,11405,4892,821,257,108,19.60,48.90
207,506,716,35523,11457,4905,823,256,108,19.60,48.90
206,504,714,35523,11457,4905,823,256,108,19.70,48.90
206,504,714,35523,11457,4905,823,256,108,19.60,48.90
185,466,664,32295,10410,4506,792,246,103,19.60,49.00
150,317,438,24969,7945,2803,466,152,75,19.60,49.00
113,169,197,17742,5522,1127,115,33,19,19.60,48.80
82,103,109,13020,3984,482,33,6,4,19.60,48.90
74,92,97,11910,3630,400,25,6,2,19.60,48.90
75,93,98,11949,3650,400,27,6,2,19.70,48.90
76,93,100,12102,3703,397,30,7,2,19.60,48.90
73,91,96,11718,3601,394,30,6,1,19.60,49.00
72,91,96,11688,3595,393,29,6,1,19.60,48.90
71,89,94,11577,3549,390,27,6,1,19.60,49.00
70,88,94,11409,3491,387,25,7,1,19.60,48.90
69,86,92,11235,3432,390,21,7,2,19.60,49.10
68,85,91,11085,3391,383,21,7,2,19.60,48.90
68,85,91,11085,3391,383,21,7,2,19.60,48.90
68,85,91,11085,3391,383,21,7,2,19.60,49.00
68,84,89,10986,3359,382,18,6,2,19.60,48.90
68,84,89,10986,3359,382,18,6,2,19.60,48.80
68,84,89,10986,3359,382,18,6,2,19.60,48.90
68,84,88,10977,3348,384,16,3,1,19.60,48.80
68,84,88,10977,3348,384,16,3,1,19.60,48.80
68,84,88,10977,3348,384,16,3,1,19.60,48.80
67,83,86,10941,3348,375,13,3,1,19.60,48.80
67,83,86,10941,3348,375,13,3,1,19.60,48.90
67,83,86,10941,3348,375,13,3,1,19.60,48.90
67,83,85,10887,3336,385,11,2,1,19.60,48.90
67,83,85,10887,3336,385,11,2,1,19.60,48.90
67,83,85,10887,3336,385,11,2,1,19.60,48.90
68,85,88,11145,3402,394,14,3,1,19.60,48.80
68,85,88,11145,3402,394,14,3,1,19.60,48.90
68,85,88,11145,3402,394,14,3,1,19.60,48.90
71,88,91,11478,3513,418,17,3,1,19.60,48.90
71,88,91,11478,3513,418,17,3,1,19.60,48.90
71,88,91,11478,3513,418,17,3,1,19.60,48.90
72,89,92,11580,3558,432,17,3,1,19.60,49.00
74,92,95,11922,3666,449,19,2,1,19.60,48.90
75,93,95,12033,3705,441,18,1,0,19.60,48.80
76,95,97,12183,3739,453,18,1,0,19.60,49.00
77,97,99,12321,3778,456,23,1,0,19.60,48.90
76,95,97,12189,3753,445,20,1,0,19.60,48.90
74,94,96,12021,3714,451,20,1,0,19.60,48.70
75,94,96,12096,3731,444,19,1,0,19.60,48.90
77,96,100,12456,3830,459,18,3,1,19.60,48.90
78,96,103,12543,3839,464,23,6,1,19.60,48.90
79,97,105,12849,3924,455,23,7,2,19.60,48.90
80,99,106,13110,3992,467,20,7,2,19.60,48.90
82,102,109,13386,4074,468,20,7,2,19.60,48.80
82,102,109,13386,4074,468,20,7,2,19.60,48.90
82,102,109,13386,4074,468,20,7,2,19.60,48.90
85,105,113,13620,4166,487,22,8,2,19.60,48.90
85,105,113,13620,4166,487,22,8,2,19.60,48.90
85,105,113,13620,4166,487,22,8,2,19.60,48.90
85,104,111,13533,4151,487,18,8,2,19.60,48.80
86,106,113,13638,4193,503,19,8,2,19.60,48.90
85,106,114,13587,4174,503,24,9,2,19.60,48.90
84,106,114,13425,4136,515,27,9,2,19.60,48.90
81,102,108,13053,4025,484,25,6,1,19.60,48.90
89,116,123,14304,4440,582,32,9,4,19.60,48.80
89,118,126,14334,4460,625,36,9,3,19.60,48.80
91,121,129,14349,4487,645,41,9,3,19.60,48.80
90,120,128,14340,4490,657,42,9,3,19.60,48.80
89,118,126,14166,4438,626,39,8,3,19.60,48.80
91,121,129,14697,4586,634,39,9,3,19.60,48.80
93,124,132,14994,4678,658,39,9,3,19.60,48.70
93,123,133,15051,4680,656,40,9,3,19.60,48.80
97,130,138,15552,4818,690,42,9,3,19.60,48.90
102,137,147,16302,5069,740,45,10,3,19.60,48.80
103,138,149,16383,5094,735,50,12,5,19.60,48.80
115,151,163,18120,5629,781,51,14,6,19.60,48.80
124,161,172,19233,5967,827,52,14,6,19.60,48.80
126,164,175,19509,6045,829,54,15,7,19.60,48.80
128,167,180,20166,6227,870,60,15,7,19.60,48.80
132,172,185,20694,6397,899,60,14,7,19.60,48.90
135,175,190,21195,6540,902,64,17,8,19.60,48.80
139,179,193,21516,6657,919,59,17,8,19.70,48.90
136,173,187,20979,6506,868,57,17,8,19.70,48.70
132,166,180,20280,6281,832,52,17,9,19.60,48.80
123,152,160,18855,5841,739,35,9,4,19.60,48.80
110,137,146,17043,5276,682,34,9,6,19.60,48.70
101,125,134,15822,4885,606,29,10,6,19.60,48.70
98,122,130,15429,4766,596,26,9,5,19.60,48.70
98,122,130,15429,4766,596,26,9,5,19.60,48.70
96,118,126,15048,4650,557,25,10,6,19.60,48.70
95,117,125,15048,4650,557,25,10,6,19.60,48.70
95,117,125,15048,4650,557,25,10,6,19.60,48.70
90,111,119,14397,4449,523,25,10,6,19.60,48.70
91,112,120,14397,4449,523,25,10,6,19.60,48.70
91,112,120,14397,4449,523,25,10,6,19.60,48.70
89,110,116,14070,4339,509,25,8,5,19.60,48.70
89,110,116,14070,4339,509,25,8,5,19.60,48.80
89,110,116,14070,4339,509,25,8,5,19.60,48.70
91,112,120,14367,4421,507,32,10,6,19.60,48.60
91,112,120,14367,4421,507,32,10,6,19.60,48.70
91,112,120,14367,4421,507,32,10,6,19.60,48.80
94,116,124,14877,4579,534,29,10,6,19.60,48.70
94,116,124,14877,4579,534,29,10,6,19.60,48.80
94,116,124,14877,4579,534,29,10,6,19.60,48.80
95,117,124,15108,4638,530,28,9,5,19.60,48.80
95,117,124,15261,4661,519,28,9,5,19.60,48.70
94,116,120,15177,4649,502,24,6,2,19.60,48.70
94,117,121,15228,4663,505,26,5,2,19.60,48.80
96,118,123,15453,4742,515,27,6,2,19.60,48.80
95,117,124,15237,4686,532,27,10,4,19.60,48.80
95,118,125,15324,4698,551,27,10,4,19.60,48.80
93,115,122,15024,4602,548,23,9,4,19.60,48.80
90,112,116,14697,4495,531,18,7,3,19.60,48.70
89,111,116,14574,4442,525,23,8,3,19.60,48.90
88,110,116,14349,4378,534,29,9,4,19.60,48.90
88,111,117,14289,4360,548,29,9,4,19.60,48.80
88,110,118,14280,4348,533,33,9,4,19.60,48.90
88,110,118,14280,4348,533,33,9,4,19.60,48.80
88,110,118,14280,4348,533,33,9,4,19.60,48.90
89,112,119,14403,4412,540,31,9,4,19.60,48.90
87,110,117,14076,4303,518,33,8,4,19.60,48.90
86,109,112,14091,4286,494,28,3,1,19.60,48.90
86,108,112,13923,4231,496,28,4,1,19.60,48.90
86,108,112,13932,4243,487,28,4,1,19.60,48.80
84,106,111,13692,4169,468,28,6,1,19.60,48.80
83,105,110,13452,4103,468,26,6,2,19.60,48.70
83,104,109,13524,4120,465,21,5,1,19.60,48.90
82,103,108,13335,4074,460,21,5,1,19.60,48.90
81,102,105,13161,4007,463,19,5,1,19.60,48.90
79,98,102,12867,3892,439,19,6,1,19.60,48.80
79,99,104,13023,3944,449,19,7,2,19.60,48.80
80,100,105,13107,3973,445,22,7,2,19.60,48.80
80,100,105,13107,3973,445,22,7,2,19.70,48.80
80,100,105,13107,3973,445,22,7,2,19.60,48.70
79,99,104,13071,3987,429,21,6,2,19.60,48.80
79,99,104,13071,3987,429,21,6,2,19.60,48.70
79,99,104,13071,3987,429,21,6,2,19.60,48.80
80,99,104,13050,3974,424,21,6,2,19.70,49.00
80,99,104,13050,3974,424,21,6,2,19.60,48.70
80,99,104,13050,3974,424,21,6,2,19.60,48.80
81,100,104,13278,4053,435,21,4,3,19.60,48.70
82,100,103,13350,4083,416,19,3,2,19.60,48.70
83,102,107,13593,4170,439,24,6,2,19.60,48.70
85,104,110,13776,4211,449,24,9,2,19.60,48.80
87,107,113,14046,4303,466,24,9,2,19.60,48.90
90,111,117,14427,4432,490,23,8,2,19.60,48.80
91,113,119,14613,4489,505,25,8,2,19.60,48.70
93,115,122,14811,4550,529,23,9,3,19.60,48.80
94,118,125,15087,4608,536,29,10,4,19.60,48.80
93,118,126,15165,4621,540,31,10,4,19.60,48.80
93,120,127,15285,4628,572,29,9,3,19.60,48.70
94,120,128,15423,4657,586,29,9,3,19.70,48.80
93,119,125,15318,4617,578,24,6,3,19.60,48.70
93,119,125,15318,4617,578,24,6,3,19.60,48.80
93,119,125,15318,4617,578,24,6,3,19.70,48.90
94,120,124,15486,4673,559,21,3,3,19.70,48.90
93,119,123,15486,4673,559,21,3,3,19.70,48.80
93,119,123,15486,4673,559,21,3,3,19.60,48.70
94,117,121,15564,4685,531,19,3,3,19.60,48.80
95,118,122,15564,4685,531,19,3,3,19.60,48.80
95,118,122,15564,4685,531,19,3,3,19.60,48.90
94,118,122,15456,4651,536,24,4,3,19.60,48.80
94,118,122,15456,4651,536,24,4,3,19.70,48.80
94,118,122,15456,4651,536,24,4,3,19.60,48.80
94,116,122,15471,4642,516,24,6,3,19.60,48.80
93,115,121,15471,4642,516,24,6,3,19.60,48.90
93,115,121,15471,4642,516,24,6,3,19.60,48.70
92,114,119,15273,4589,494,26,5,2,19.60,48.80
92,114,119,15273,4589,494,26,5,2,19.60,48.80
93,115,120,15273,4589,494,26,5,2,19.70,48.90
93,113,117,15090,4558,489,23,4,1,19.60,48.80
93,113,117,15090,4558,489,23,4,1,19.70,48.80
93,113,117,15090,4558,489,23,4,1,19.60,48.80
94,115,119,15186,4604,501,23,5,2,19.60,48.80
94,115,119,15186,4604,501,23,5,2,19.70,48.70
94,115,119,15186,4604,501,23,5,2,19.60,48.80
94,114,119,15027,4576,487,25,6,2,19.60,48.80
94,114,119,15027,4576,487,25,6,2,19.60,48.80
93,113,118,15027,4576,487,25,6,2,19.60,48.80
93,113,118,15057,4583,483,27,7,3,19.70,48.70
93,113,118,15057,4583,483,27,7,3,19.70,48.80
93,113,118,15057,4583,483,27,7,3,19.70,48.90
93,114,120,14943,4553,471,34,8,4,19.60,48.80
93,114,120,14943,4553,471,34,8,4,19.60,48.80
93,114,120,14943,4553,471,34,8,4,19.70,48.80
93,115,121,14805,4514,490,40,9,5,19.60,48.90
93,115,121,14805,4514,490,40,9,5,19.60,48.80
93,115,121,14805,4514,490,40,9,5,19.70,48.90
93,117,123,14973,4586,512,40,9,5,19.70,48.90
93,117,123,14973,4586,512,40,9,5,19.70,48.80
93,117,123,14973,4586,512,40,9,5,19.70,48.90
94,117,123,15021,4586,497,36,8,5,19.60,48.80
94,117,123,15021,4586,497,36,8,5,19.70,48.90
94,117,123,15021,4586,497,36,8,5,19.70,48.80
95,117,122,15198,4658,507,32,6,4,19.70,49.00
95,117,122,15198,4658,507,32,6,4,19.70,48.90
95,117,122,15198,4658,507,32,6,4,19.60,48.90
96,119,125,15405,4726,533,34,7,4,19.60,48.90
97,120,126,15405,4726,533,34,7,4,19.70,49.00
97,120,126,15405,4726,533,34,7,4,19.70,48.80
97,120,127,15465,4735,545,34,8,4,19.60,48.80
97,120,127,15465,4735,545,34,8,4,19.70,48.80
97,120,127,15465,4735,545,34,8,4,19.60,48.80
97,121,127,15597,4773,538,34,7,3,19.60,48.90
96,120,126,15597,4773,538,34,7,3,19.60,48.80
96,120,126,15597,4773,538,34,7,3,19.60,48.90
96,120,126,15663,4792,520,36,9,3,19.60,48.90
96,120,126,15663,4792,520,36,9,3,19.70,48.90
96,120,126,15663,4792,520,36,9,3,19.60,48.80
95,119,125,15501,4745,517,33,8,2,19.70,48.90
95,119,125,15501,4745,517,33,8,2,19.60,48.90
95,119,125,15501,4745,517,33,8,2,19.70,48.90
96,118,124,15579,4777,517,28,8,1,19.60,49.00
96,118,124,15579,4777,517,28,8,1,19.70,49.00
96,118,124,15579,4777,517,28,8,1,19.70,49.00
97,118,123,15744,4831,510,23,7,0,19.60,49.00
97,118,123,15744,4831,510,23,7,0,19.70,49.10
97,118,123,15744,4831,510,23,7,0,19.60,49.40
97,118,123,15753,4814,523,22,7,0,19.60,49.70
97,118,123,15753,4814,523,22,7,0,19.60,49.80
97,118,123,15753,4814,523,22,7,0,19.60,49.90
98,120,125,15843,4855,531,22,7,0,19.60,49.90
98,120,125,15843,4855,531,22,7,0,19.70,49.90
98,120,125,15843,4855,531,22,7,0,19.70,49.80
97,120,125,15690,4802,523,26,6,0,19.70,49.80
97,120,125,15690,4802,523,26,6,0,19.60,49.80
97,120,125,15690,4802,523,26,6,0,19.60,49.70
98,122,125,15696,4806,524,27,6,0,19.60,49.70
98,122,125,15696,4806,524,27,6,0,19.60,49.60
98,122,125,15696,4806,524,27,6,0,19.60,49.60
99,123,126,15912,4857,529,25,6,0,19.60,49.50
99,123,126,15912,4857,529,25,6,0,19.70,49.50
99,123,126,15912,4857,529,25,6,0,19.60,49.50
99,124,127,16077,4908,542,25,6,0,19.60,49.50
99,124,127,16077,4908,542,25,6,0,19.60,49.40
99,124,127,16077,4908,542,25,6,0,19.60,49.40
100,125,127,16188,4949,577,20,3,0,19.60,49.30
100,125,127,16188,4949,577,20,3,0,19.70,49.30
100,125,127,16188,4949,577,20,3,0,19.60,49.30
103,129,132,16488,5046,612,25,4,1,19.60,49.30
103,129,132,16488,5046,612,25,4,1,19.60,49.30
103,129,132,16488,5046,612,25,4,1,19.60,49.20
104,131,133,16743,5121,610,23,3,1,19.70,49.30
104,131,133,16743,5121,610,23,3,1,19.60,49.20
104,131,133,16743,5121,610,23,3,1,19.60,49.30
104,131,134,16701,5109,612,27,4,2,19.60,49.20
104,131,134,16701,5109,612,27,4,2,19.70,49.20
104,131,134,16701,5109,612,27,4,2,19.60,49.20
103,130,134,16548,5076,609,30,4,2,19.60,49.10
103,130,134,16548,5076,609,30,4,2,19.60,49.20
103,130,134,16548,5076,609,30,4,2,19.60,49.10
104,131,135,16647,5098,613,37,4,2,19.60,49.10
104,131,135,16647,5098,613,37,4,2,19.60,49.20
104,131,135,16647,5098,613,37,4,2,19.70,49.20
104,132,136,16797,5140,618,38,4,2,19.60,49.20
104,132,136,16797,5140,618,38,4,2,19.60,49.10
104,132,136,16797,5140,618,38,4,2,19.70,49.00
104,130,134,16740,5124,613,33,3,2,19.60,49.10
104,130,134,16740,5124,613,33,3,2,19.60,49.00
104,130,134,16740,5124,613,33,3,2,19.60,49.20
104,129,133,16653,5103,594,33,3,2,19.60,49.10
104,129,133,16653,5103,594,33,3,2,19.70,49.10
104,129,133,16653,5103,594,33,3,2,19.60,49.10
104,130,134,16530,5077,594,35,4,2,19.60,49.10
104,130,134,16623,5091,582,35,4,2,19.70,49.20
107,132,136,16944,5196,588,31,4,1,19.60,49.00
108,133,140,17133,5237,604,33,7,4,19.60,49.10
110,135,141,17379,5326,611,31,7,3,19.60,49.10
111,137,145,17619,5399,624,31,10,4,19.60,49.20
112,137,145,17757,5450,619,23,10,4,19.60,49.10
113,137,144,17832,5471,617,20,10,4,19.60,49.00
114,140,148,18090,5544,644,20,11,5,19.60,49.20
115,142,149,18156,5589,667,20,10,5,19.60,49.10
116,143,150,18303,5630,679,16,9,5,19.60,49.00
117,144,150,18363,5669,674,17,9,5,19.70,49.10
114,141,147,17991,5547,665,17,8,5,19.60,49.10
114,141,147,17991,5547,665,17,8,5,19.60,49.10
114,141,147,17991,5547,665,17,8,5,19.60,49.10
115,141,145,17994,5559,661,14,5,2,19.60,49.10
115,141,145,17994,5559,661,14,5,2,19.60,49.00
115,141,145,17994,5559,661,14,5,2,19.60,49.00
113,140,143,17835,5475,657,16,4,2,19.60,49.10
113,140,143,17835,5475,657,16,4,2,19.60,49.00
113,140,143,17835,5475,657,16,4,2,19.60,49.00
114,142,144,18060,5528,657,19,2,2,19.60,49.10
114,143,147,18039,5523,685,24,5,2,19.60,49.10
111,142,147,17754,5444,700,26,8,2,19.60,49.10
112,141,146,17784,5460,695,26,8,1,19.60,49.00
111,140,145,17763,5429,676,25,8,1,19.60,49.00
110,139,144,17673,5392,656,29,8,1,19.60,49.10
110,141,145,17811,5415,665,29,8,1,19.60,49.20
112,143,149,18030,5503,670,34,9,1,19.60,49.10
112,142,149,18042,5498,667,35,10,2,19.60,49.10
112,141,148,18000,5503,652,31,10,2,19.70,49.20
112,140,148,17868,5478,663,31,9,1,19.60,49.20
112,142,149,17970,5512,670,34,7,1,19.60,49.20
115,145,151,18321,5621,699,30,5,1,19.60,49.20
115,145,151,18321,5621,699,30,5,1,19.60,49.20
115,145,151,18321,5621,699,30,5,1,19.60,49.20
114,144,150,18168,5568,691,34,4,1,19.60,49.20
114,144,150,18168,5568,691,34,4,1,19.60,49.20
114,144,150,18168,5568,691,34,4,1,19.60,49.30
115,145,150,18183,5592,698,34,4,1,19.60,49.20
114,144,149,18183,5592,698,34,4,1,19.60,49.10
114,144,149,18183,5592,698,34,4,1,19.60,49.10
114,143,149,18243,5629,700,30,5,1,19.60,49.20
115,144,150,18243,5629,700,30,5,1,19.60,49.20
115,144,150,18243,5629,700,30,5,1,19.60,49.20
115,143,150,18153,5619,696,29,5,1,19.60,49.10
115,143,150,18153,5619,696,29,5,1,19.60,49.10
115,143,150,18153,5619,696,29,5,1,19.60,49.10
115,142,148,18114,5582,679,28,5,1,19.70,49.10
115,142,148,18114,5582,679,28,5,1,19.60,49.10
115,142,148,18114,5582,679,28,5,1,19.60,49.10
115,143,148,18102,5588,674,30,4,0,19.70,49.20
115,143,148,18102,5588,674,30,4,0,19.60,49.10
115,143,148,18102,5588,674,30,4,0,19.60,49.00
116,144,149,18183,5627,686,30,4,0,19.60,49.10
116,144,149,18183,5627,686,30,4,0,19.60,49.00
116,144,149,18183,5627,686,30,4,0,19.70,49.00
116,142,148,18285,5637,658,27,7,1,19.60,49.10
116,142,148,18285,5637,658,27,7,1,19.70,49.00
116,142,148,18285,5637,658,27,7,1,19.60,48.90
115,141,145,18132,5593,640,22,7,1,19.60,49.00
115,141,145,18132,5593,640,22,7,1,19.60,49.10
115,141,145,18132,5593,640,22,7,1,19.70,49.00
115,140,144,18153,5607,613,24,6,1,19.70,49.00
115,140,144,18153,5607,613,24,6,1,19.70,49.00
115,140,144,18153,5607,613,24,6,1,19.60,49.00
116,139,143,18219,5634,606,19,6,1,19.60,49.00
116,139,143,18219,5634,606,19,6,1,19.60,48.90
116,139,143,18219,5634,606,19,6,1,19.60,48.90
116,140,144,18357,5666,638,20,6,1,19.60,49.00
116,140,144,18357,5666,638,20,6,1,19.60,49.10
116,140,144,18357,5666,638,20,6,1,19.60,49.00
116,141,145,18234,5620,636,24,5,1,19.60,49.10
114,140,144,18096,5559,643,25,5,1,19.60,49.00
114,138,142,17910,5506,623,20,4,1,19.60,49.00
113,138,143,17856,5476,643,22,7,1,19.60,49.10
112,138,144,17796,5437,646,27,8,1,19.60,49.00
111,139,143,17685,5423,660,27,5,0,19.60,49.10
112,141,146,17883,5460,663,34,7,0,19.60,49.10
112,140,145,17847,5423,670,34,7,0,19.60,49.10
112,142,148,17979,5459,694,37,8,1,19.60,49.10
112,141,149,18000,5466,668,39,9,1,19.70,48.90
114,144,150,18261,5555,676,35,9,1,19.70,49.10
113,143,150,18198,5545,664,37,10,1,19.60,49.10
114,146,154,18486,5625,706,47,11,1,19.60,49.00
113,144,150,18333,5584,669,43,8,1,19.60,48.90
115,146,152,18390,5620,698,42,8,1,19.60,49.10
114,144,152,18342,5608,690,42,9,1,19.70,49.10
114,144,152,18342,5608,690,42,9,1,19.70,49.00
114,144,152,18342,5608,690,42,9,1,19.60,48.90
114,142,149,18216,5584,670,35,7,2,19.60,49.00
114,142,149,18216,5584,670,35,7,2,19.60,49.10
114,142,149,18216,5584,670,35,7,2,19.60,49.00
113,141,146,18162,5573,658,32,7,2,19.70,49.00
113,141,146,18162,5573,658,32,7,2,19.60,49.00
113,141,146,18162,5573,658,32,7,2,19.60,49.00
113,140,145,18102,5549,639,32,6,1,19.60,49.10
114,141,146,18102,5549,639,32,6,1,19.70,49.10
114,141,146,18102,5549,639,32,6,1,19.60,49.10
114,140,146,18108,5556,645,32,6,2,19.70,49.10
114,140,146,18108,5556,645,32,6,2,19.60,49.00
114,140,146,18108,5556,645,32,6,2,19.60,49.00
113,139,145,17889,5484,644,34,6,2,19.60,49.10
113,139,145,17889,5484,644,34,6,2,19.60,49.00
113,139,145,17889,5484,644,34,6,2,19.60,49.10
115,142,147,18165,5572,661,34,6,2,19.70,49.10
115,142,147,18165,5572,661,34,6,2,19.70,49.10
115,142,147,18165,5572,661,34,6,2,19.60,49.10
115,140,146,18108,5582,643,27,5,2,19.60,49.00
115,140,146,18108,5582,643,27,5,2,19.60,49.00
115,140,146,18108,5582,643,27,5,2,19.60,49.10
117,143,149,18336,5672,668,27,6,3,19.60,49.10
117,143,149,18336,5672,668,27,6,3,19.70,49.00
117,143,149,18336,5672,668,27,6,3,19.60,49.00
118,142,147,18417,5696,641,25,6,3,19.60,49.00
118,142,147,18417,5696,641,25,6,3,19.70,49.10
118,142,147,18417,5696,641,25,6,3,19.60,49.00
120,145,150,18825,5807,644,23,6,3,19.70,49.00
120,145,150,18825,5807,644,23,6,3,19.60,49.10
120,145,150,18825,5807,644,23,6,3,19.70,49.00
121,147,153,18876,5843,666,26,8,3,19.70,49.00
121,147,153,18876,5843,666,26,8,3,19.60,49.00
121,147,153,18876,5843,666,26,8,3,19.70,49.10
122,149,157,19059,5920,668,34,11,3,19.60,49.00
122,149,157,19059,5920,668,34,11,3,19.60,49.00
122,149,157,19059,5920,668,34,11,3,19.70,49.00
123,149,157,19089,5934,678,31,11,3,19.60,49.00
123,149,157,19089,5934,678,31,11,3,19.60,49.00
123,149,157,19089,5934,678,31,11,3,19.60,49.00
124,151,158,19317,5992,671,29,10,2,19.60,49.00
124,151,158,19317,5992,671,29,10,2,19.60,49.00
124,151,158,19317,5992,671,29,10,2,19.70,49.00
125,152,159,19521,6040,684,27,10,2,19.70,49.00
125,152,159,19521,6040,684,27,10,2,19.60,49.00
125,152,159,19521,6040,684,27,10,2,19.60,49.00
128,153,161,19818,6137,684,27,10,2,19.60,49.00
128,153,161,19818,6137,684,27,10,2,19.60,49.00
128,153,161,19818,6137,684,27,10,2,19.70,49.00
129,153,161,19854,6137,685,25,10,2,19.70,49.00
129,153,161,19854,6137,685,25,10,2,19.60,49.00
129,153,161,19854,6137,685,25,10,2,19.60,49.10
128,153,161,19818,6105,689,27,10,1,19.60,49.00
128,153,161,19818,6105,689,27,10,1,19.70,49.10
128,153,161,19818,6105,689,27,10,1,19.60,49.00
129,155,163,20145,6197,677,30,10,2,19.60,49.00
129,155,163,20145,6197,677,30,10,2,19.60,49.00
129,155,163,20145,6197,677,30,10,2,19.70,49.10
129,154,161,19977,6156,675,29,9,2,19.70,49.00
129,154,161,19977,6156,675,29,9,2,19.70,49.00
129,154,161,19977,6156,675,29,9,2,19.60,49.00
127,152,158,19842,6096,671,24,7,2,19.70,49.00
127,152,158,19842,6096,671,24,7,2,19.60,49.10
127,152,158,19842,6096,671,24,7,2,19.60,49.00
125,150,154,19602,6011,674,17,4,2,19.70,49.00
125,150,154,19602,6011,674,17,4,2,19.60,49.00
125,150,154,19602,6011,674,17,4,2,19.60,49.20
124,149,153,19464,5960,662,18,4,2,19.60,49.10
124,149,153,19464,5960,662,18,4,2,19.70,49.10
124,149,153,19464,5960,662,18,4,2,19.70,49.10
124,150,154,19443,5977,687,20,4,2,19.70,49.00
124,151,157,19515,6023,691,24,5,3,19.60,49.00
123,152,156,19392,5979,691,27,4,3,19.70,49.00
124,153,157,19518,6006,691,27,4,3,19.60,48.90
126,155,160,19959,6137,697,27,3,3,19.60,49.10
126,156,159,19815,6099,726,24,3,2,19.70,49.00
125,155,159,19704,6079,730,27,3,2,19.70,49.00
127,157,161,19959,6173,729,26,2,1,19.60,49.00
129,160,164,20322,6295,724,25,2,1,19.60,49.00
131,163,167,20619,6405,724,30,2,1,19.60,49.00
131,163,167,20631,6410,719,32,3,1,19.70,49.00
132,162,165,20682,6422,692,28,2,0,19.60,49.00
133,162,165,20727,6441,708,23,2,0,19.60,49.00
133,162,165,20727,6441,708,23,2,0,19.70,49.10
133,162,165,20727,6441,708,23,2,0,19.70,48.90
134,163,166,20943,6516,718,23,2,0,19.60,49.00
134,163,166,20943,6516,718,23,2,0,19.60,48.90
134,163,166,20943,6516,718,23,2,0,19.70,49.00
134,163,168,20748,6478,722,28,5,0,19.60,48.90
134,163,168,20748,6478,722,28,5,0,19.60,48.90
134,163,168,20748,6478,722,28,5,0,19.60,48.90
134,162,168,20661,6455,722,30,7,1,19.60,49.00
134,162,168,20661,6455,722,30,7,1,19.60,48.90
134,162,168,20661,6455,722,30,7,1,19.60,48.90
134,161,167,20631,6439,710,28,7,1,19.60,48.90
134,161,167,20631,6439,710,28,7,1,19.60,48.90
134,161,167,20631,6439,710,28,7,1,19.60,49.10
133,163,170,20556,6419,721,34,8,2,19.60,49.00
130,160,168,20238,6295,736,39,9,2,19.60,48.90
128,159,168,20052,6226,736,41,10,3,19.60,48.90
127,157,165,19770,6117,731,37,9,3,19.60,48.90
124,157,164,19458,6011,754,42,9,3,19.60,49.00
120,153,161,19026,5866,723,42,9,3,19.60,48.90
117,150,158,18552,5696,723,46,10,3,19.60,48.90
114,146,153,18108,5547,699,43,8,4,19.60,48.90
112,145,151,17967,5512,675,43,5,3,19.60,48.90
110,143,149,17712,5432,659,43,5,3,19.60,48.90
108,140,145,17442,5336,658,40,5,2,19.70,48.80
109,140,144,17484,5363,643,36,4,2,19.70,48.90
109,138,143,17301,5323,643,33,4,1,19.60,48.90
109,138,143,17301,5323,643,33,4,1,19.60,48.80
109,138,143,17301,5323,643,33,4,1,19.70,48.80
107,135,140,17088,5256,618,33,4,1,19.60,48.90
107,135,140,17088,5256,618,33,4,1,19.60,48.80
107,135,140,17088,5256,618,33,4,1,19.60,48.80
108,134,141,17262,5287,608,33,7,1,19.60,48.70
108,134,141,17262,5287,608,33,7,1,19.60,48.70
108,134,141,17262,5287,608,33,7,1,19.60,48.80
108,134,141,17205,5274,610,37,8,1,19.70,48.80
108,134,141,17205,5274,610,37,8,1,19.60,48.70
108,134,141,17205,5274,610,37,8,1,19.60,48.60
108,134,141,17088,5269,605,37,7,1,19.60,48.80
108,134,141,17088,5269,605,37,7,1,19.60,48.80
108,134,141,17088,5269,605,37,7,1,19.60,48.80
107,133,141,17001,5235,617,38,9,3,19.60,48.80
107,133,141,17001,5235,617,38,9,3,19.60,48.70
107,133,141,17001,5235,617,38,9,3,19.60,48.80
106,131,139,16884,5178,621,33,9,3,19.60,48.80
106,131,139,16884,5178,621,33,9,3,19.60,48.70
106,131,139,16884,5178,621,33,9,3,19.60,48.70
106,130,139,16848,5163,638,33,9,3,19.70,48.80
106,130,139,16848,5163,638,33,9,3,19.60,48.80
106,130,139,16848,5163,638,33,9,3,19.60,48.70
105,129,138,16689,5111,626,38,9,4,19.60,48.70
105,129,138,16689,5111,626,38,9,4,19.60,48.70
105,129,138,16689,5111,626,38,9,4,19.60,48.70
104,127,138,16515,5055,621,40,10,5,19.60,48.70
104,127,138,16515,5055,621,40,10,5,19.60,48.70
104,127,138,16515,5055,621,40,10,5,19.60,48.60
104,128,138,16695,5108,618,38,9,5,19.70,48.80
105,129,138,16770,5141,616,38,9,5,19.60,48.70
103,128,135,16386,5052,609,35,6,5,19.60,48.80
104,130,137,16539,5106,621,31,6,6,19.70,48.80
104,129,136,16635,5116,609,27,6,6,19.60,48.70
103,126,130,16665,5116,600,22,4,4,19.70,48.70
102,127,133,16719,5141,610,25,5,4,19.60,48.70
105,130,137,17064,5267,622,29,6,4,19.60,48.70
109,136,142,17223,5321,612,22,6,4,19.60,48.70
110,138,142,17367,5365,626,22,5,3,19.70,48.70
112,139,146,17520,5389,645,29,6,4,19.60,48.70
113,141,147,17853,5484,665,29,6,4,19.70,48.70
119,147,154,18711,5748,701,29,6,4,19.60,48.70
120,147,153,18951,5797,684,28,5,3,19.70,48.80
120,148,154,19128,5860,684,28,5,3,19.70,48.70
123,152,157,19557,6015,695,30,4,2,19.60,48.70
123,152,157,19557,6015,695,30,4,2,19.60,48.80
123,152,157,19557,6015,695,30,4,2,19.60,48.90
127,153,158,19809,6093,688,27,3,2,19.60,48.70
127,153,158,19809,6093,688,27,3,2,19.60,48.70
127,153,158,19809,6093,688,27,3,2,19.60,48.70
128,154,159,19998,6141,695,27,5,2,19.60,48.90
128,154,159,19998,6141,695,27,5,2,19.60,48.90
128,154,159,19998,6141,695,27,5,2,19.60,48.80
129,156,160,20334,6258,708,27,4,1,19.70,48.80
129,156,160,20334,6258,708,27,4,1,19.60,48.90
129,156,160,20334,6258,708,27,4,1,19.60,48.90
131,158,162,20496,6303,697,30,4,1,19.60,48.90
131,158,162,20496,6303,697,30,4,1,19.60,48.80
131,158,162,20496,6303,697,30,4,1,19.70,48.90
131,158,161,20583,6337,693,23,3,0,19.60,48.80
129,156,159,20583,6337,693,23,3,0,19.60,48.90
129,156,159,20583,6337,693,23,3,0,19.70,48.90
129,156,159,20643,6356,697,22,3,0,19.60,48.80
131,158,161,20643,6356,697,22,3,0,19.60,48.70
131,158,161,20643,6356,697,22,3,0,19.60,48.90
128,152,157,20037,6165,651,22,6,3,19.70,48.90
128,152,157,20037,6165,651,22,6,3,19.60,48.90
128,152,157,20037,6165,651,22,6,3,19.70,48.70
127,152,157,19977,6152,669,22,6,3,19.60,48.80
127,152,157,19977,6152,669,22,6,3,19.60,48.80
127,152,157,19977,6152,669,22,6,3,19.70,48.90
127,152,158,19881,6126,681,24,9,4,19.70,48.90
127,152,158,19881,6126,681,24,9,4,19.60,48.90
127,152,158,19881,6126,681,24,9,4,19.60,48.80
126,150,156,19836,6105,667,22,10,4,19.70,48.80
126,150,156,19836,6105,667,22,10,4,19.70,48.90
126,150,156,19836,6105,667,22,10,4,19.60,48.80
125,149,156,19713,6056,669,22,10,4,19.60,48.80
125,149,156,19713,6056,669,22,10,4,19.70,48.80
125,149,156,19713,6056,669,22,10,4,19.60,48.80
124,148,153,19443,5967,657,17,7,4,19.60,48.80
124,148,153,19443,5967,657,17,7,4,19.70,48.90
124,148,153,19443,5967,657,17,7,4,19.60,48.90
122,147,153,19362,5923,671,19,7,4,19.60,48.80
122,147,153,19362,5923,671,19,7,4,19.70,48.80
122,147,153,19362,5923,671,19,7,4,19.70,48.90
124,149,156,19524,5981,697,18,7,4,19.60,48.80
124,149,156,19524,5981,697,18,7,4,19.60,48.80
124,149,156,19524,5981,697,18,7,4,19.60,48.90
122,147,154,19473,5954,682,18,8,5,19.70,48.80
122,147,154,19473,5954,682,18,8,5,19.70,48.90
122,147,154,19473,5954,682,18,8,5,19.70,48.90
122,149,156,19434,5945,711,19,8,5,19.60,48.80
122,149,156,19434,5945,711,19,8,5,19.70,48.80
122,149,156,19434,5945,711,19,8,5,19.70,48.80
122,152,157,19677,6000,749,17,5,2,19.60,48.90
122,152,157,19677,6000,749,17,5,2,19.70,48.80
122,152,157,19677,6000,749,17,5,2,19.60,48.90
122,154,159,19731,6041,754,22,6,2,19.60,48.80
122,154,159,19731,6041,754,22,6,2,19.70,48.80
122,154,159,19731,6041,754,22,6,2,19.70,48.80
121,152,156,19878,6091,748,22,4,2,19.60,48.90
121,152,156,19878,6091,748,22,4,2,19.60,48.90
121,152,156,19878,6091,748,22,4,2,19.60,48.80
120,152,155,19719,6042,750,22,3,2,19.60,48.80
125,159,162,19719,6042,750,22,3,2,19.60,48.80
125,159,162,19719,6042,750,22,3,2,19.60,48.80
126,161,165,19911,6105,748,27,4,3,19.70,48.80
122,156,160,19911,6105,748,27,4,3,19.70,48.80
122,156,160,19911,6105,748,27,4,3,19.60,48.80
122,157,161,19917,6112,760,28,4,3,19.70,48.80
122,157,161,19917,6112,760,28,4,3,19.60,48.80
122,157,161,19917,6112,760,28,4,3,19.60,48.90
123,158,161,20106,6173,762,28,4,3,19.60,48.80
123,158,161,20106,6173,762,28,4,3,19.70,48.80
123,158,161,20106,6173,762,28,4,3,19.60,48.80
121,154,158,19734,6067,755,23,4,3,19.60,48.80
121,154,158,19734,6067,755,23,4,3,19.70,48.80
121,154,158,19734,6067,755,23,4,3,19.60,48.90
120,154,156,19467,5994,769,23,3,2,19.60,48.80
120,154,156,19467,5994,769,23,3,2,19.70,48.80
120,154,156,19467,5994,769,23,3,2,19.60,48.90
118,149,153,19113,5884,729,28,3,2,19.60,48.80
118,149,153,19113,5884,729,28,3,2,19.60,48.90
118,149,153,19113,5884,729,28,3,2,19.60,48.80
117,147,151,18870,5821,717,27,3,2,19.60,48.80
117,147,151,18870,5821,717,27,3,2,19.60,48.70
118,148,152,18870,5821,717,27,3,2,19.60,48.90
119,149,153,18957,5831,723,27,2,2,19.60,48.80
119,149,152,18933,5805,736,25,1,1,19.60,48.70
121,152,156,19194,5883,766,29,2,1,19.60,48.80
120,151,155,19026,5839,766,29,2,0,19.70,48.80
121,151,156,19275,5885,754,31,2,0,19.60,48.70
121,150,154,19137,5838,738,28,2,0,19.60,48.90
122,151,155,19254,5882,726,28,2,0,19.60,48.80
124,152,156,19419,5951,714,26,3,0,19.70,48.90
125,153,159,19563,6019,713,26,6,1,19.70,48.90
126,154,162,19746,6068,723,29,7,2,19.60,48.90
126,153,161,19707,6063,717,27,8,2,19.60,48.80
123,150,160,19758,6096,719,32,11,5,19.60,48.80
122,150,159,19677,6072,704,32,11,6,19.60,48.80
122,150,159,19677,6072,704,32,11,6,19.60,48.90
122,150,159,19677,6072,704,32,11,6,19.60,48.80
130,158,168,19902,6148,704,28,11,6,19.60,48.80
130,158,168,19902,6148,704,28,11,6,19.60,48.90
130,158,168,19902,6148,704,28,11,6,19.60,48.80
125,150,160,19713,6102,689,26,11,6,19.60,48.70
125,150,160,19713,6102,689,26,11,6,19.70,48.90
125,150,160,19713,6102,689,26,11,6,19.60,48.80
123,149,160,19566,6049,691,31,12,6,19.70,48.80
123,149,160,19566,6049,691,31,12,6,19.60,48.80
123,149,160,19566,6049,691,31,12,6,19.60,48.80
124,150,163,19608,6044,693,34,15,6,19.70,48.80
124,150,163,19608,6044,693,34,15,6,19.60,48.70
124,150,163,19608,6044,693,34,15,6,19.70,48.80
123,149,161,19929,6106,706,34,14,6,19.60,48.90
123,149,161,19929,6106,706,34,14,6,19.60,48.80
123,149,161,19929,6106,706,34,14,6,19.60,48.80
123,150,160,20073,6135,726,31,12,5,19.60,48.90
127,155,165,20073,6135,726,31,12,5,19.60,48.80
127,155,165,20073,6135,726,31,12,5,19.70,48.80
127,154,167,20052,6117,704,38,17,5,19.70,48.80
125,152,165,20052,6117,704,38,17,5,19.60,48.90
125,152,165,20052,6117,704,38,17,5,19.60,48.90
124,150,162,19917,6059,691,35,16,5,19.60,48.90
124,150,162,19917,6059,691,35,16,5,19.60,48.70
124,150,162,19917,6059,691,35,16,5,19.60,48.90
123,148,159,19737,6004,667,34,13,2,19.60,48.90
122,147,158,19737,6004,667,34,13,2,19.60,48.80
122,147,158,19737,6004,667,34,13,2,19.60,48.80
122,148,157,19644,5974,665,39,13,1,19.60,48.80
123,149,158,19644,5974,665,39,13,1,19.60,48.90
123,149,158,19644,5974,665,39,13,1,19.60,48.80
120,145,155,19083,5791,657,39,13,2,19.70,48.80
118,144,156,18762,5691,664,44,16,3,19.60,48.70
116,143,154,18561,5626,661,40,16,3,19.60,48.80
115,141,152,18312,5543,652,42,16,4,19.60,48.70
111,137,148,17664,5369,627,42,17,4,19.60,48.70
107,132,143,17214,5229,598,39,16,4,19.70,48.70
105,129,136,16797,5121,576,30,10,3,19.60,48.70
102,125,132,16266,4973,561,30,10,3,19.70,48.70
101,123,130,15942,4864,542,25,10,3,19.60,48.60
98,119,125,15564,4753,522,15,9,3,19.60,48.60
98,118,124,15555,4753,527,15,9,2,19.60,48.60
98,120,124,15600,4782,542,15,6,1,19.60,48.60
98,119,124,15513,4776,535,17,8,1,19.60,48.60
99,121,126,15690,4839,544,18,8,1,19.60,48.60
98,122,127,15801,4883,564,20,7,1,19.60,48.50
98,123,129,15903,4921,563,25,8,2,19.70,48.60
98,123,129,15903,4921,563,25,8,2,19.70,48.60
99,124,130,15903,4921,563,25,8,2,19.60,48.60
99,125,130,15927,4921,561,24,8,2,19.60,48.60
99,125,130,15927,4921,561,24,8,2,19.60,48.60
98,124,129,15927,4921,561,24,8,2,19.60,48.50
97,123,128,15741,4868,549,27,9,2,19.60,48.60
93,120,126,15198,4705,560,27,9,2,19.60,48.60
92,119,125,14913,4622,548,27,9,2,19.60,48.50
91,119,124,14697,4554,543,29,8,2,19.60,48.50
88,113,118,14214,4414,501,23,8,2,19.60,48.50
85,109,112,13731,4259,455,20,5,2,19.60,48.40
80,102,104,12834,3988,417,15,2,1,19.60,48.50
76,96,98,12192,3786,383,13,2,1,19.60,48.40
73,90,91,11676,3614,366,11,1,0,19.60,48.40
69,85,87,11049,3424,361,12,1,0,19.60,48.40
67,83,84,10680,3312,359,9,0,0,19.60,48.40
67,82,84,10623,3293,328,10,1,0,19.60,48.30
64,78,79,10092,3122,316,10,1,0,19.60,48.30
64,78,79,10092,3122,316,10,1,0,19.60,48.30
64,78,79,10092,3122,316,10,1,0,19.70,48.20
59,71,73,9402,2895,283,7,1,0,19.60,48.10
59,71,73,9402,2895,283,7,1,0,19.70,48.00
59,71,73,9402,2895,283,7,1,0,19.60,48.00
56,69,71,8952,2750,276,12,2,1,19.70,48.00
53,65,67,8415,2585,278,12,2,1,19.60,47.90
52,63,65,8265,2531,275,12,2,1,19.60,47.80
48,60,62,7860,2402,270,14,3,1,19.60,47.90
45,56,59,7437,2274,258,11,3,1,19.60,47.80
44,55,57,7185,2211,256,10,3,1,19.60,47.70
44,54,56,7074,2175,241,10,3,1,19.60,47.70
42,53,55,6768,2085,251,10,2,1,19.60,47.70
41,52,53,6666,2056,243,10,2,1,19.60,47.70
41,52,54,6672,2066,240,10,2,1,19.60,47.70
40,50,51,6441,1995,231,6,2,0,19.60,47.60
40,50,52,6567,2022,237,6,2,0,19.60,47.50
39,49,52,6384,1971,235,6,3,0,19.60,47.50
39,49,52,6384,1971,235,6,3,0,19.60,47.60
39,49,52,6384,1971,235,6,3,0,19.60,47.50
37,47,49,6156,1896,228,4,2,0,19.70,47.50
37,47,49,6156,1896,228,4,2,0,19.60,47.40
37,47,49,6156,1896,228,4,2,0,19.70,47.60
36,46,48,5988,1852,231,5,2,0,19.70,47.40
36,46,48,5988,1852,231,5,2,0,19.60,47.50
36,46,48,5988,1852,231,5,2,0,19.60,47.50
35,45,46,5850,1796,214,5,2,0,19.60,47.40
35,45,46,5850,1796,214,5,2,0,19.70,47.40
35,45,46,5850,1796,214,5,2,0,19.60,47.40
35,44,45,5787,1757,214,5,2,0,19.60,47.40
35,44,45,5787,1757,214,5,2,0,19.60,47.40
35,44,45,5787,1757,214,5,2,0,19.60,47.30
34,42,44,5649,1704,199,7,2,0,19.60,47.40
33,41,43,5649,1704,199,7,2,0,19.60,47.30
33,41,43,5649,1704,199,7,2,0,19.60,47.20
31,40,42,5460,1652,199,7,2,0,19.60,47.30
32,41,43,5460,1652,199,7,2,0,19.60,47.30
32,41,43,5460,1652,199,7,2,0,19.60,47.30
31,39,41,5196,1574,192,7,2,0,19.60,47.30
31,39,41,5196,1574,192,7,2,0,19.60,47.20
30,38,40,5196,1574,192,7,2,0,19.60,47.20
30,38,40,5160,1562,187,9,2,0,19.60,47.20
30,38,40,5160,1562,187,9,2,0,19.60,47.20
31,39,41,5160,1562,187,9,2,0,19.70,47.10
29,37,39,4866,1480,177,9,2,0,19.60,47.10
29,37,39,4866,1480,177,9,2,0,19.60,47.10
29,37,39,4866,1480,177,9,2,0,19.70,46.90
29,35,36,4662,1417,176,8,1,0,19.60,47.10
29,35,36,4662,1417,176,8,1,0,19.60,47.10
29,35,36,4662,1417,176,8,1,0,19.60,47.00
29,35,36,4752,1442,163,7,1,0,19.60,47.10
29,35,36,4752,1442,163,7,1,0,19.60,47.00
29,35,36,4752,1442,163,7,1,0,19.70,47.00
28,33,34,4599,1391,141,6,1,0,19.60,47.10
28,33,34,4599,1391,141,6,1,0,19.60,47.10
28,33,34,4599,1391,141,6,1,0,19.60,47.10
28,33,34,4479,1363,143,9,1,0,19.70,47.00
28,33,34,4479,1363,143,9,1,0,19.60,47.00
28,33,34,4479,1363,143,9,1,0,19.70,47.10
26,31,32,4179,1286,136,9,1,0,19.60,47.00
26,31,32,4179,1286,136,9,1,0,19.60,47.00
26,31,32,4179,1286,136,9,1,0,19.60,47.00
25,31,32,4092,1266,138,7,1,0,19.60,47.00
25,31,32,4092,1266,138,7,1,0,19.60,47.00
25,31,32,4092,1266,138,7,1,0,19.60,47.00
25,31,32,4122,1269,141,7,1,0,19.60,47.00
25,31,32,4122,1269,141,7,1,0,19.60,46.90
25,31,32,4122,1269,141,7,1,0,19.60,47.00
26,31,32,4233,1301,133,8,1,0,19.60,47.00
26,31,32,4233,1301,133,8,1,0,19.60,47.00
26,31,32,4233,1301,133,8,1,0,19.60,47.00
25,30,31,4152,1275,145,5,0,0,19.60,47.00
25,30,31,4152,1275,145,5,0,0,19.60,47.00
25,30,31,4152,1275,145,5,0,0,19.60,47.00
26,31,32,4284,1318,142,5,0,0,19.70,47.00
26,31,32,4284,1318,142,5,0,0,19.60,47.00
26,31,32,4284,1318,142,5,0,0,19.60,47.10
26,32,33,4350,1340,133,8,0,0,19.60,47.00
26,32,33,4350,1340,133,8,0,0,19.60,47.10
26,32,33,4350,1340,133,8,0,0,19.60,47.00
25,31,31,4131,1272,129,9,0,0,19.60,47.00
25,31,31,4131,1272,129,9,0,0,19.60,47.00
25,31,31,4131,1272,129,9,0,0,19.60,46.90
24,30,31,4053,1245,137,9,0,0,19.60,47.00
24,30,31,4053,1245,137,9,0,0,19.60,47.00
24,30,31,4053,1245,137,9,0,0,19.60,47.00
24,30,30,4020,1237,137,6,0,0,19.60,46.90
24,30,30,4020,1237,137,6,0,0,19.60,46.90
24,30,30,4020,1237,137,6,0,0,19.60,46.90
25,30,31,4056,1254,133,6,0,0,19.60,46.90
25,30,31,4056,1254,133,6,0,0,19.60,47.00
25,30,31,4056,1254,133,6,0,0,19.60,46.90
25,30,30,4089,1267,126,5,0,0,19.60,46.80
25,30,30,4089,1267,126,5,0,0,19.60,46.90
25,30,30,4089,1267,126,5,0,0,19.60,47.00
24,29,29,4068,1260,123,6,0,0,19.60,46.90
24,29,29,4068,1260,123,6,0,0,19.60,46.90
24,29,29,4068,1260,123,6,0,0,19.60,47.00
25,30,30,4026,1249,128,5,0,0,19.60,46.90
25,30,30,4026,1249,128,5,0,0,19.60,46.90
25,30,30,4026,1249,128,5,0,0,19.60,46.90
25,30,31,4017,1241,121,6,1,1,19.60,46.90
25,30,31,4017,1241,121,6,1,1,19.60,47.00
25,30,31,4017,1241,121,6,1,1,19.60,46.90
23,28,29,3879,1198,124,6,1,1,19.60,46.90
23,28,29,3879,1198,124,6,1,1,19.60,46.90
23,28,29,3879,1198,124,6,1,1,19.60,46.90
23,27,28,3822,1181,124,3,1,1,19.60,46.90
23,27,28,3822,1181,124,3,1,1,19.60,46.90
23,27,28,3822,1181,124,3,1,1,19.60,47.00
23,27,28,3903,1208,119,2,1,1,19.60,46.90
24,28,29,3903,1208,119,2,1,1,19.60,46.90
24,28,29,3903,1208,119,2,1,1,19.60,47.00
24,28,29,3930,1209,118,2,1,1,19.60,46.80
24,28,29,3930,1209,118,2,1,1,19.60,46.90
24,28,29,3930,1209,118,2,1,1,19.60,46.90
24,28,29,3858,1180,114,2,1,1,19.60,46.80
23,27,28,3858,1180,114,2,1,1,19.60,46.80
23,27,28,3858,1180,114,2,1,1,19.60,47.00
22,26,27,3744,1133,114,3,2,1,19.60,46.80
23,27,28,3744,1133,114,3,2,1,19.60,46.90
23,27,28,3744,1133,114,3,2,1,19.50,46.90
22,27,28,3615,1091,119,6,2,1,19.60,46.80
21,26,27,3615,1091,119,6,2,1,19.60,46.70
21,26,27,3615,1091,119,6,2,1,19.60,46.80
20,24,26,3474,1044,115,5,2,1,19.60,46.90
20,24,26,3474,1044,115,5,2,1,19.60,46.80
21,25,27,3474,1044,115,5,2,1,19.60,46.90
20,25,26,3405,1028,120,5,2,1,19.60,46.80
20,25,26,3405,1028,120,5,2,1,19.50,46.80
20,25,26,3405,1028,120,5,2,1,19.50,46.70
20,25,26,3426,1035,115,4,1,0,19.60,46.70
20,25,26,3426,1035,115,4,1,0,19.60,46.80
19,24,25,3426,1035,115,4,1,0,19.50,46.70
21,26,27,3789,1131,125,5,1,0,19.60,46.90
23,29,30,4164,1248,135,5,1,0,19.50,46.80
26,32,33,4380,1316,161,5,1,0,19.50,46.90
28,35,36,4761,1422,171,5,1,0,19.50,46.90
29,37,38,4998,1492,178,5,1,0,19.50,46.80
29,37,38,5130,1538,180,7,1,0,19.50,47.00
31,38,39,5340,1606,178,4,1,0,19.60,47.00
32,39,40,5493,1660,180,4,1,0,19.60,47.00
36,44,45,5853,1764,205,4,1,0,19.60,46.90
37,47,47,6093,1842,215,5,1,0,19.60,46.90
36,45,46,5925,1801,205,4,1,0,19.60,47.00
34,42,43,5685,1728,200,5,2,0,19.60,46.90
33,42,43,5598,1696,188,6,2,0,19.50,46.90
33,42,43,5598,1696,188,6,2,0,19.50,47.10
33,42,43,5598,1696,188,6,2,0,19.60,47.10
33,41,42,5508,1689,181,6,2,0,19.50,46.90
33,41,42,5508,1689,181,6,2,0,19.60,46.90
33,41,42,5508,1689,181,6,2,0,19.60,46.90
34,42,43,5625,1724,183,7,3,0,19.50,46.90
34,42,43,5625,1724,183,7,3,0,19.50,46.90
34,42,43,5625,1724,183,7,3,0,19.60,47.00
36,45,46,5949,1832,204,7,2,0,19.50,47.00
37,47,48,6159,1890,219,8,2,0,19.60,46.90
40,49,50,6489,1975,227,8,2,0,19.50,47.00
39,47,51,6348,1934,198,11,5,1,19.50,47.10
38,46,49,6255,1895,188,10,5,1,19.50,47.00
37,45,49,6153,1864,188,10,5,1,19.50,47.10
37,45,47,6105,1832,185,9,4,1,19.50,47.10
37,44,48,6054,1834,190,9,4,1,19.50,47.10
36,44,48,5955,1805,204,9,4,1,19.50,47.10
35,44,46,5811,1763,207,8,3,1,19.50,47.10
34,42,45,5709,1724,196,6,3,1,19.50,47.00
33,43,46,5667,1715,198,10,4,1,19.50,47.10
31,41,45,5331,1627,197,13,5,1,19.50,47.20
31,41,43,5352,1627,206,11,2,0,19.50,47.00
31,41,43,5352,1627,206,11,2,0,19.50,47.10
31,42,44,5346,1623,206,12,2,0,19.60,47.10
31,42,44,5346,1623,206,12,2,0,19.50,47.00
31,42,44,5346,1623,206,12,2,0,19.50,47.10
32,42,45,5364,1633,204,12,2,0,19.50,47.00
31,41,44,5364,1633,204,12,2,0,19.50,47.10
31,41,44,5364,1633,204,12,2,0,19.50,47.10
32,42,45,5472,1679,211,13,2,0,19.50,47.10
32,42,45,5472,1679,211,13,2,0,19.50,47.20
32,42,45,5472,1679,211,13,2,0,19.50,47.10
33,42,45,5544,1689,202,13,2,0,19.50,47.10
34,43,46,5544,1689,202,13,2,0,19.50,47.10
34,43,46,5544,1689,202,13,2,0,19.50,47.00
34,44,46,5679,1726,203,14,2,0,19.50,47.10
33,43,45,5679,1726,203,14,2,0,19.60,47.10
33,43,45,5679,1726,203,14,2,0,19.50,47.20
33,43,45,5643,1717,195,15,2,0,19.50,47.10
33,43,45,5643,1717,195,15,2,0,19.50,47.10
34,44,46,5643,1717,195,15,2,0,19.50,47.10
35,45,47,5862,1784,200,14,2,0,19.50,47.10
58,98,127,9789,3057,716,95,31,13,19.50,47.20
73,121,156,12147,3805,869,115,38,19,19.50,47.20
81,132,169,13407,4195,935,124,41,19,19.50,47.30
103,171,222,16818,5274,1236,170,58,25,19.50,47.40
116,192,245,18693,5853,1371,188,59,26,19.50,47.60
127,208,263,20619,6438,1469,193,60,27,19.50,47.60
140,226,285,22644,7080,1590,203,66,28,19.50,47.60
146,233,293,23613,7382,1631,203,67,28,19.50,47.70
154,246,307,24894,7784,1714,210,70,28,19.50,47.70
158,253,315,25635,8007,1776,216,71,28,19.50,47.70
137,201,238,22107,6847,1270,131,41,15,19.50,47.70
125,179,208,20064,6196,1123,108,33,9,19.50,47.80
118,171,198,19044,5888,1071,99,30,9,19.50,47.70
119,172,199,19044,5888,1071,99,30,9,19.50,47.80
98,135,147,15690,4835,782,55,13,3,19.50,47.60
92,122,134,14709,4520,687,42,15,2,19.50,47.70
90,122,134,14478,4481,698,46,17,2,19.50,47.70
88,118,127,14148,4373,662,41,12,1,19.50,47.60
94,127,138,15015,4653,720,50,14,1,19.50,47.50
98,131,143,15666,4839,725,50,14,4,19.50,47.50
106,141,155,16824,5210,777,54,18,5,19.50,47.40
112,148,164,17634,5478,837,56,21,6,19.50,47.40
114,152,170,18003,5583,858,62,22,6,19.50,47.40
116,154,171,18303,5683,868,61,22,6,19.50,47.50
118,158,175,18741,5831,888,59,22,6,19.50,47.40
115,153,169,18378,5732,859,55,19,6,19.50,47.40
107,140,153,17106,5307,760,46,17,5,19.50,47.30
107,140,153,17106,5307,760,46,17,5,19.60,47.40
107,140,153,17106,5307,760,46,17,5,19.50,47.30
99,129,143,15813,4894,706,43,17,6,19.50,47.30
99,129,143,15813,4894,706,43,17,6,19.60,47.50
99,129,143,15813,4894,706,43,17,6,19.50,47.40
87,111,123,14112,4352,601,34,15,6,19.50,47.40
76,96,105,12324,3809,526,27,12,3,19.50,47.40
62,78,85,10332,3172,412,18,8,2,19.50,47.40
55,68,73,9150,2798,339,15,5,1,19.50,47.50
53,65,68,8748,2677,308,9,4,1,19.50,47.40
47,59,62,8043,2444,277,9,4,1,19.50,47.40
46,57,59,7578,2296,255,9,4,1,19.50,47.50
43,53,56,7053,2138,246,9,4,1,19.50,47.40
40,50,52,6573,1996,236,8,3,1,19.50,47.40
35,44,46,5997,1831,199,5,2,0,19.50,47.40
33,43,45,5748,1751,202,9,2,1,19.50,47.40
32,42,43,5646,1705,191,8,2,1,19.50,47.40
31,41,41,5427,1649,185,8,1,1,19.50,47.20
31,41,41,5427,1649,185,8,1,1,19.50,47.20
31,41,41,5427,1649,185,8,1,1,19.50,47.30
30,39,40,5205,1584,173,8,1,1,19.50,47.20
30,39,40,5205,1584,173,8,1,1,19.50,47.20
30,39,40,5205,1584,173,8,1,1,19.50,47.30
28,37,38,4929,1508,163,9,1,1,19.50,47.20
28,37,38,4929,1508,163,9,1,1,19.50,47.20
28,37,38,4929,1508,163,9,1,1,19.50,47.20
28,37,38,4956,1520,167,9,1,1,19.50,47.30
28,37,38,4956,1520,167,9,1,1,19.50,47.20
28,37,38,4956,1520,167,9,1,1,19.60,47.10
28,36,37,4875,1494,161,8,1,1,19.50,47.30
29,37,38,4875,1494,161,8,1,1,19.50,47.20
29,37,38,4875,1494,161,8,1,1,19.50,47.20
29,37,38,4905,1494,168,10,1,1,19.50,47.20
28,36,37,4905,1494,168,10,1,1,19.50,47.20
28,36,37,4905,1494,168,10,1,1,19.50,47.20
28,36,37,4968,1504,159,11,2,1,19.50,47.10
28,36,37,4968,1504,159,11,2,1,19.50,47.10
28,36,37,4968,1504,159,11,2,1,19.50,47.20
29,37,39,5172,1550,169,14,2,1,19.50,47.20
29,37,39,5172,1550,169,14,2,1,19.50,47.30
30,38,40,5172,1550,169,14,2,1,19.50,47.20
31,39,39,5316,1594,169,9,1,0,19.50,47.20
31,39,39,5316,1594,169,9,1,0,19.50,47.20
30,38,38,5316,1594,169,9,1,0,19.50,47.20
30,38,39,5340,1599,170,9,1,0,19.50,47.30
30,38,39,5340,1599,170,9,1,0,19.50,47.30
30,38,39,5340,1599,170,9,1,0,19.50,47.20
31,38,39,5385,1618,170,8,1,0,19.50,47.10
31,38,39,5385,1618,170,8,1,0,19.50,47.20
32,39,40,5385,1618,170,8,1,0,19.50,47.20
34,41,43,5724,1719,180,9,2,0,19.50,47.20
34,41,43,5724,1719,180,9,2,0,19.50,47.30
33,40,42,5724,1719,180,9,2,0,19.50,47.20
35,43,45,6018,1801,202,11,3,0,19.50,47.20
35,43,45,6018,1801,202,11,3,0,19.50,47.20
35,43,45,6018,1801,202,11,3,0,19.50,47.30
38,46,49,6348,1912,210,14,4,0,19.50,47.30
38,46,49,6348,1912,210,14,4,0,19.50,47.30
38,46,49,6348,1912,210,14,4,0,19.50,47.40
40,48,51,6501,1958,220,15,4,0,19.50,47.30
40,48,51,6501,1958,220,15,4,0,19.50,47.40
40,48,51,6501,1958,220,15,4,0,19.50,47.40
40,48,51,6594,1987,223,12,4,0,19.50,47.40
40,48,51,6594,1987,223,12,4,0,19.50,47.40
40,48,51,6594,1987,223,12,4,0,19.50,47.30
38,46,51,6399,1936,223,14,6,1,19.50,47.50
39,46,51,6408,1951,223,11,6,1,19.50,47.30
38,46,50,6273,1920,215,11,6,1,19.50,47.40
39,46,50,6291,1935,210,11,6,1,19.50,47.40
37,46,50,6135,1884,218,12,6,1,19.50,47.30
36,44,48,5859,1800,213,11,5,1,19.50,47.30
35,44,47,5616,1735,201,9,5,1,19.50,47.30
34,42,45,5460,1682,201,6,4,1,19.50,47.30
33,41,43,5349,1638,192,5,4,1,19.50,47.30
33,41,43,5298,1626,184,5,4,1,19.50,47.30
32,41,43,5436,1671,191,5,4,1,19.50,47.30
32,40,43,5361,1647,194,5,4,1,19.50,47.50
32,40,43,5367,1647,192,5,4,1,19.50,47.30
33,41,44,5367,1647,192,5,4,1,19.50,47.40
33,41,44,5367,1647,192,5,4,1,19.50,47.50
32,41,43,5319,1628,197,5,4,1,19.50,47.40
32,41,43,5319,1628,197,5,4,1,19.50,47.50
32,41,43,5319,1628,197,5,4,1,19.50,47.40
34,41,44,5496,1679,199,5,4,1,19.50,47.40
34,41,44,5496,1679,199,5,4,1,19.50,47.50
34,41,44,5496,1679,199,5,4,1,19.50,47.40
33,41,44,5460,1671,201,5,4,1,19.50,47.40
33,41,44,5460,1671,201,5,4,1,19.50,47.30
33,41,44,5460,1671,201,5,4,1,19.50,47.40
33,41,43,5499,1678,206,5,3,1,19.50,47.30
33,41,43,5499,1678,206,5,3,1,19.50,47.40
32,40,42,5499,1678,206,5,3,1,19.50,47.40
32,41,43,5493,1676,209,5,3,1,19.50,47.30
32,41,43,5493,1676,209,5,3,1,19.50,47.30
33,42,44,5493,1676,209,5,3,1,19.50,47.30
34,43,46,5691,1743,213,8,3,1,19.50,47.30
34,43,46,5691,1743,213,8,3,1,19.50,47.30
33,42,45,5691,1743,213,8,3,1,19.50,47.30
34,43,46,5820,1777,225,9,3,1,19.50,47.30
34,43,46,5820,1777,225,9,3,1,19.50,47.20
34,43,46,5820,1777,225,9,3,1,19.50,47.20
34,43,45,5856,1782,220,6,0,0,19.50,47.40
34,43,45,5856,1782,220,6,0,0,19.50,47.30
34,43,45,5856,1782,220,6,0,0,19.50,47.20
36,44,48,6018,1845,220,9,3,1,19.50,47.20
36,44,48,6018,1845,220,9,3,1,19.50,47.20
36,44,48,6018,1845,220,9,3,1,19.50,47.30
37,45,50,6003,1845,216,10,4,1,19.50,47.30
37,45,50,6003,1845,216,10,4,1,19.50,47.20
37,45,50,6003,1845,216,10,4,1,19.50,47.30
36,45,50,6045,1874,221,10,4,1,19.50,47.20
36,45,50,6045,1874,221,10,4,1,19.50,47.20
36,45,50,6045,1874,221,10,4,1,19.50,47.20
36,45,49,5949,1852,207,9,4,1,19.50,47.20
36,45,49,5949,1852,207,9,4,1,19.50,47.20
36,45,49,5949,1852,207,9,4,1,19.50,47.20
36,45,49,5868,1820,191,10,4,1,19.50,47.20
36,45,49,5868,1820,191,10,4,1,19.50,47.20
36,45,49,5868,1820,191,10,4,1,19.50,47.10
35,43,47,5781,1796,195,9,4,1,19.50,47.30
35,43,47,5781,1796,195,9,4,1,19.50,47.10
35,43,47,5781,1796,195,9,4,1,19.50,47.40
35,43,47,5841,1818,197,10,4,1,19.50,47.20
37,46,48,5877,1833,205,8,4,1,19.50,47.30
37,46,48,5886,1833,201,7,4,1,19.50,47.20
37,47,50,5967,1865,213,7,4,1,19.50,47.50
35,45,46,5808,1806,212,4,1,0,19.50,47.50
35,45,45,5838,1801,221,3,0,0,19.50,47.60
37,47,48,6093,1864,220,6,1,0,19.50,47.50
40,50,51,6444,1964,219,6,1,0,19.50,47.50
43,55,56,6960,2134,245,6,2,0,19.50,47.70
46,58,59,7404,2260,252,6,2,0,19.50,47.40
45,58,59,7497,2281,245,5,2,0,19.50,47.60
46,58,61,7626,2320,250,9,3,0,19.50,47.50
47,59,63,7719,2359,257,12,3,0,19.50,47.40
48,60,64,7719,2359,257,12,3,0,19.50,47.50
48,60,64,7719,2359,257,12,3,0,19.50,47.50
48,60,63,7689,2351,250,12,3,0,19.50,47.50
47,59,62,7689,2351,250,12,3,0,19.50,47.50
47,59,62,7689,2351,250,12,3,0,19.50,47.40
49,60,63,7854,2403,258,13,3,0,19.50,47.50
49,60,63,7854,2403,258,13,3,0,19.50,47.40
49,60,63,7854,2403,258,13,3,0,19.50,47.40
49,60,63,7896,2420,261,13,3,0,19.50,47.50
49,60,63,7896,2420,261,13,3,0,19.50,47.40
50,61,64,7896,2420,261,13,3,0,19.50,47.50
47,57,60,7488,2305,254,10,2,0,19.40,47.30
47,57,60,7488,2305,254,10,2,0,19.50,47.40
46,56,59,7488,2305,254,10,2,0,19.50,47.40
45,55,58,7197,2218,260,10,2,0,19.50,47.40
45,55,58,7197,2218,260,10,2,0,19.50,47.50
46,56,59,7197,2218,260,10,2,0,19.50,47.50
44,52,55,6906,2116,241,10,1,0,19.50,47.40
44,52,55,6906,2116,241,10,1,0,19.50,47.30
43,51,54,6906,2116,241,10,1,0,19.50,47.20
42,50,52,6765,2087,220,10,1,0,19.50,47.40
42,50,52,6765,2087,220,10,1,0,19.50,47.30
42,50,52,6765,2087,220,10,1,0,19.50,47.40
42,49,52,6549,2020,219,11,2,0,19.50,47.50
42,49,52,6549,2020,219,11,2,0,19.40,47.60
42,49,52,6549,2020,219,11,2,0,19.50,47.60
39,46,49,6345,1949,212,7,2,0,19.50,47.70
39,46,49,6345,1949,212,7,2,0,19.50,47.80
39,46,49,6345,1949,212,7,2,0,19.50,47.60
38,45,46,6276,1919,202,4,2,0,19.50,47.70
38,45,46,6276,1919,202,4,2,0,19.50,47.70
38,45,46,6276,1919,202,4,2,0,19.50,47.70
39,46,49,6312,1937,202,7,3,0,19.50,47.70
39,46,49,6312,1937,202,7,3,0,19.50,47.70
39,46,49,6312,1937,202,7,3,0,19.50,47.70
39,45,47,6369,1946,192,6,3,0,19.50,47.50
39,45,47,6369,1946,192,6,3,0,19.50,47.50
39,45,47,6369,1946,192,6,3,0,19.50,47.60
39,46,48,6429,1963,192,7,3,0,19.50,47.60
39,46,48,6429,1963,192,7,3,0,19.50,47.60
39,46,48,6429,1963,192,7,3,0,19.50,47.60
40,48,50,6699,2051,205,7,3,0,19.50,47.70
40,48,50,6699,2051,205,7,3,0,19.50,47.70
40,48,50,6699,2051,205,7,3,0,19.50,47.60
41,49,51,6813,2089,202,8,3,0,19.50,47.60
42,50,52,6813,2089,202,8,3,0,19.50,47.70
42,50,52,6813,2089,202,8,3,0,19.40,47.70
43,52,55,6924,2135,219,12,4,1,19.50,47.80
42,51,54,6924,2135,219,12,4,1,19.40,47.70
42,51,54,6924,2135,219,12,4,1,19.40,47.90
40,49,53,6759,2072,226,13,5,1,19.50,47.70
41,51,54,6945,2130,234,15,4,1,19.50,47.70
42,52,55,7062,2172,233,14,3,1,19.50,47.90
43,53,56,7119,2194,236,14,3,1,19.50,47.80
42,54,56,7089,2186,231,14,2,1,19.50,47.90
42,53,56,6996,2160,241,14,2,1,19.40,47.90
42,54,56,7011,2170,241,13,2,1,19.40,48.00
42,53,56,6924,2143,241,14,2,1,19.40,47.90
41,53,56,6822,2112,239,16,2,1,19.50,48.00
40,52,53,6678,2066,229,11,1,0,19.50,48.00
40,52,52,6714,2085,219,10,0,0,19.40,48.00
40,51,52,6606,2048,212,7,0,0,19.50,48.10
40,51,52,6570,2041,203,13,1,1,19.50,48.10
38,50,52,6306,1956,202,16,2,1,19.50,48.20
35,46,48,6015,1861,197,13,2,1,19.40,48.30
34,44,46,5766,1783,185,13,2,1,19.40,48.30
34,44,46,5766,1783,185,13,2,1,19.40,48.20
34,44,46,5766,1783,185,13,2,1,19.50,48.20
34,44,46,5772,1782,190,13,2,1,19.50,48.20
34,44,46,5835,1799,189,13,2,1,19.50,48.20
35,45,46,5961,1826,194,10,2,1,19.50,48.10
35,44,46,5886,1809,191,10,2,1,19.50,48.10
35,45,46,5913,1817,199,10,2,1,19.50,48.10
35,45,47,5871,1812,198,11,3,2,19.50,48.00
33,42,44,5619,1732,203,6,3,1,19.50,48.10
34,43,44,5742,1767,201,3,2,1,19.50,48.10
36,45,46,5976,1828,204,3,2,1,19.40,48.10
38,47,48,6219,1915,209,3,2,1,19.50,48.00
38,47,49,6234,1928,206,4,2,1,19.50,48.10
38,49,51,6381,1967,216,6,3,2,19.40,48.10
38,48,51,6285,1947,215,7,3,2,19.50,48.10
38,48,51,6294,1947,220,7,3,2,19.50,48.20
38,48,51,6294,1947,220,7,3,2,19.40,48.00
38,48,51,6282,1949,220,8,4,3,19.50,48.10
38,48,51,6282,1949,220,8,4,3,19.50,48.20
38,48,51,6282,1949,220,8,4,3,19.50,48.10
37,47,50,6159,1913,220,8,3,2,19.50,48.20
37,47,50,6159,1913,220,8,3,2,19.50,48.10
37,47,50,6159,1913,220,8,3,2,19.40,48.00
37,46,49,6063,1871,214,8,3,2,19.40,47.90
37,46,49,6063,1871,214,8,3,2,19.50,48.00
37,46,49,6063,1871,214,8,3,2,19.40,47.90
36,45,48,5976,1846,209,11,3,2,19.50,47.90
36,45,48,5976,1846,209,11,3,2,19.40,47.90
36,45,48,5976,1846,209,11,3,2,19.50,47.90
37,47,50,6099,1892,221,11,3,2,19.50,47.90
37,47,50,6099,1892,221,11,3,2,19.50,47.80
37,47,50,6099,1892,221,11,3,2,19.50,47.90
37,47,50,6237,1924,235,12,3,2,19.50,47.80
37,47,50,6237,1924,235,12,3,2,19.50,47.90
37,47,50,6237,1924,235,12,3,2,19.50,47.80
36,45,48,6024,1851,232,11,3,2,19.50,47.70
36,44,47,5823,1793,227,9,3,1,19.50,47.70
35,44,46,5706,1762,232,9,3,1,19.50,47.70
35,44,46,5667,1745,227,9,3,1,19.50,47.70
34,44,45,5541,1695,232,8,2,0,19.50,47.80
34,44,45,5628,1720,230,7,2,0,19.50,47.80
35,45,46,5724,1761,226,7,2,0,19.50,47.60
34,44,45,5601,1718,228,4,2,0,19.50,47.70
33,43,44,5448,1665,220,4,2,0,19.50,47.70
32,42,43,5448,1663,210,4,2,0,19.50,47.70
34,45,46,5718,1753,206,4,2,0,19.50,47.70
34,44,44,5679,1743,185,4,1,0,19.50,47.70
34,43,43,5628,1721,176,4,1,0,19.50,47.60
34,43,43,5628,1721,176,4,1,0,19.40,47.70
34,43,43,5628,1721,176,4,1,0,19.50,47.60
35,44,45,5733,1755,182,5,2,0,19.50,47.60
35,44,45,5733,1755,182,5,2,0,19.50,47.60
35,44,45,5733,1755,182,5,2,0,19.50,47.50
35,45,46,5856,1798,193,8,3,0,19.50,47.50
35,45,46,5856,1798,193,8,3,0,19.50,47.60
35,45,46,5856,1798,193,8,3,0,19.50,47.60
36,45,46,5913,1812,191,8,3,0,19.50,47.50
36,45,46,5913,1812,191,8,3,0,19.50,47.40
36,45,46,5913,1812,191,8,3,0,19.50,47.50
36,46,47,6021,1834,195,10,3,1,19.50,47.40
36,46,47,6021,1834,195,10,3,1,19.50,47.50
36,46,47,6021,1834,195,10,3,1,19.50,47.60
36,46,49,6081,1865,195,11,4,2,19.50,47.50
36,46,49,6081,1865,195,11,4,2,19.40,47.60
36,46,49,6081,1865,195,11,4,2,19.50,47.40
36,46,49,6081,1865,200,12,4,2,19.40,47.50
36,46,49,6081,1865,200,12,4,2,19.50,47.50
36,46,49,6081,1865,200,12,4,2,19.50,47.40
36,45,47,5841,1804,201,11,4,2,19.50,47.40
36,45,47,5841,1804,201,11,4,2,19.50,47.50
36,45,47,5841,1804,201,11,4,2,19.50,47.50
33,42,45,5520,1697,193,11,4,2,19.50,47.40
32,41,44,5418,1663,188,10,4,2,19.50,47.40
33,42,44,5469,1685,200,9,4,2,19.50,47.40
32,41,43,5379,1652,195,8,3,2,19.50,47.40
32,40,41,5265,1604,181,5,2,2,19.50,47.40
30,38,40,5052,1543,178,5,2,2,19.50,47.30
30,37,39,4929,1515,179,3,1,1,19.50,47.30
30,38,39,4920,1517,173,3,1,1,19.50,47.30
29,37,38,4803,1485,179,2,1,1,19.50,47.20
28,36,37,4662,1439,166,2,1,1,19.50,47.30
28,36,38,4698,1443,176,2,1,1,19.50,47.30
29,37,38,4758,1463,187,2,1,1,19.50,47.30
28,37,38,4635,1424,184,5,1,1,19.50,47.10
28,37,38,4635,1424,184,5,1,1,19.40,47.20
28,37,38,4635,1424,184,5,1,1,19.50,47.20
27,36,38,4557,1409,186,5,1,1,19.50,47.30
27,36,38,4557,1409,186,5,1,1,19.50,47.30
27,36,38,4557,1409,186,5,1,1,19.50,47.30
26,35,38,4416,1375,181,8,2,2,19.50,47.30
26,35,38,4416,1375,181,8,2,2,19.50,47.40
26,35,38,4416,1375,181,8,2,2,19.50,47.30
25,35,38,4365,1360,188,11,2,2,19.50,47.30
25,35,38,4365,1360,188,11,2,2,19.50,47.40
25,35,38,4365,1360,188,11,2,2,19.50,47.30
24,34,36,4212,1309,187,10,2,2,19.50,47.30
25,35,37,4212,1309,187,10,2,2,19.50,47.30
25,35,37,4212,1309,187,10,2,2,19.50,47.30
25,34,36,4170,1297,191,10,1,1,19.50,47.10
25,34,36,4170,1297,191,10,1,1,19.50,47.20
25,34,36,4170,1297,191,10,1,1,19.50,47.20
26,34,37,4221,1319,185,11,2,2,19.50,47.20
25,33,36,4221,1319,185,11,2,2,19.50,47.20
25,33,36,4221,1319,185,11,2,2,19.50,47.20
24,34,36,4245,1321,195,11,2,2,19.50,47.10
24,34,36,4245,1321,195,11,2,2,19.50,47.10
24,34,36,4245,1321,195,11,2,2,19.50,47.10
24,33,35,4161,1307,186,12,3,2,19.50,47.20
24,33,35,4161,1307,186,12,3,2,19.50,47.10
24,33,35,4161,1307,186,12,3,2,19.50,47.10
23,31,34,3984,1251,175,12,3,2,19.50,47.00
23,31,34,3984,1251,175,12,3,2,19.50,47.20
24,32,35,3984,1251,175,12,3,2,19.50,47.10
24,31,33,3918,1229,154,9,3,2,19.40,47.10
24,31,33,3918,1229,154,9,3,2,19.50,47.10
23,30,32,3918,1229,154,9,3,2,19.50,46.90
22,29,32,3831,1200,156,12,3,2,19.50,47.00
22,29,32,3831,1200,156,12,3,2,19.50,47.10
22,29,32,3831,1200,156,12,3,2,19.50,47.00
22,28,30,3747,1175,146,9,2,1,19.50,47.00
22,28,30,3747,1175,146,9,2,1,19.50,47.00
23,29,31,3747,1175,146,9,2,1,19.50,46.90
22,28,30,3756,1175,144,7,2,1,19.50,46.90
22,28,30,3756,1175,144,7,2,1,19.50,46.90
22,28,30,3756,1175,144,7,2,1,19.50,46.90
21,27,29,3720,1167,135,7,2,1,19.50,46.90
21,27,29,3720,1167,135,7,2,1,19.50,46.90
21,27,29,3720,1167,135,7,2,1,19.50,47.00
21,26,28,3543,1102,128,6,2,1,19.50,46.90
21,26,28,3543,1102,128,6,2,1,19.50,46.90
21,26,28,3543,1102,128,6,2,1,19.50,47.00
19,24,25,3363,1034,123,5,1,0,19.50,46.90
19,24,25,3363,1034,123,5,1,0,19.50,47.00
19,24,25,3363,1034,123,5,1,0,19.50,46.80
19,23,25,3168,978,114,5,1,0,19.50,46.90
19,23,25,3168,978,114,5,1,0,19.50,46.80
19,23,25,3168,978,114,5,1,0,19.50,46.90
17,22,23,3030,939,113,4,0,0,19.50,46.80
17,22,23,3030,939,113,4,0,0,19.50,47.00
17,22,23,3030,939,113,4,0,0,19.50,46.80
17,22,23,3066,951,115,5,1,0,19.50,46.80
18,23,24,3066,951,115,5,1,0,19.50,46.80
18,23,24,3066,951,115,5,1,0,19.50,46.80
17,22,24,2943,912,115,5,1,0,19.50,46.80
16,21,23,2943,912,115,5,1,0,19.40,46.80
16,21,23,2943,912,115,5,1,0,19.50,46.80
16,20,21,2871,890,101,2,1,0,19.50,46.80
17,21,22,2871,890,101,2,1,0,19.50,46.70
17,21,22,2871,890,101,2,1,0,19.50,46.70
17,20,21,2811,866,99,2,1,0,19.50,46.80
17,20,21,2811,866,99,2,1,0,19.50,46.80
17,20,21,2811,866,99,2,1,0,19.40,46.70
16,19,19,2688,825,85,1,1,0,19.50,46.70
16,19,19,2688,825,85,1,1,0,19.50,46.70
16,19,19,2688,825,85,1,1,0,19.50,46.70
15,18,19,2550,781,87,4,2,0,19.40,46.60
15,18,19,2550,781,87,4,2,0,19.40,46.80
14,17,18,2550,781,87,4,2,0,19.50,46.70
14,17,18,2463,754,80,4,2,0,19.40,46.70
14,17,18,2463,754,80,4,2,0,19.40,46.50
15,18,19,2463,754,80,4,2,0,19.40,46.70
14,17,18,2355,725,69,4,2,0,19.40,46.60
14,17,18,2355,725,69,4,2,0,19.50,46.60
13,16,17,2355,725,69,4,2,0,19.40,46.60
13,15,17,2352,720,68,5,3,1,19.50,46.60
13,15,17,2352,720,68,5,3,1,19.50,46.60
13,15,17,2352,720,68,5,3,1,19.40,46.70
13,16,17,2286,698,63,5,3,1,19.50,46.60
13,16,17,2286,698,63,5,3,1,19.40,46.50
13,16,17,2286,698,63,5,3,1,19.40,46.60
12,14,16,2106,644,60,4,2,1,19.50,46.60
12,14,16,2106,644,60,4,2,1,19.40,46.50
12,14,16,2106,644,60,4,2,1,19.40,46.60
12,14,16,2064,635,60,4,2,1,19.50,46.70
12,14,16,2064,635,60,4,2,1,19.40,46.60
12,14,16,2064,635,60,4,2,1,19.40,46.60
11,13,15,1983,603,53,4,2,1,19.40,46.60
11,13,15,1983,603,53,4,2,1,19.40,46.60
11,13,15,1983,603,53,4,2,1,19.40,46.50
11,14,15,2007,613,56,4,2,1,19.40,46.50
11,14,15,2007,613,56,4,2,1,19.40,46.60
11,14,15,2007,613,56,4,2,1,19.50,46.60
11,15,16,2001,614,70,5,2,1,19.50,46.50
11,15,16,2001,614,70,5,2,1,19.50,46.50
11,15,16,2001,614,70,5,2,1,19.40,46.50
12,15,16,2121,654,63,3,2,1,19.50,46.60
12,15,16,2121,654,63,3,2,1,19.40,46.60
12,15,16,2121,654,63,3,2,1,19.50,46.50
14,17,19,2361,730,80,3,2,1,19.40,46.60
14,17,19,2361,730,80,3,2,1,19.40,46.60
14,17,19,2361,730,80,3,2,1,19.40,46.50
15,18,19,2439,760,77,3,2,1,19.40,46.60
15,19,19,2469,766,82,3,1,0,19.40,46.70
15,20,21,2583,801,92,3,1,0,19.40,46.60
15,21,22,2640,816,98,4,1,0,19.40,46.70
16,21,22,2790,862,103,4,1,0,19.40,46.60
16,22,23,2805,870,112,4,1,0,19.40,46.60
16,22,23,2853,882,121,4,1,0,19.40,46.60
17,22,23,2814,865,106,3,1,0,19.40,46.60
17,23,23,2829,867,118,2,0,0,19.40,46.60
16,21,22,2715,825,105,2,0,0,19.40,46.60
14,20,20,2673,800,108,2,0,0,19.40,46.80
14,19,19,2601,777,98,1,0,0,19.40,46.60
13,18,18,2535,750,88,1,0,0,19.40,46.60
13,18,18,2535,750,88,1,0,0,19.40,46.60
13,18,18,2535,750,88,1,0,0,19.40,46.60
13,17,17,2433,719,85,0,0,0,19.40,46.60
13,17,17,2433,719,85,0,0,0,19.40,46.70
13,17,17,2433,719,85,0,0,0,19.40,46.70
11,15,15,2280,668,77,0,0,0,19.40,46.70
11,15,15,2280,668,77,0,0,0,19.40,46.80
11,15,15,2280,668,77,0,0,0,19.40,46.70
11,15,15,2250,656,70,1,0,0,19.40,46.70
11,15,15,2250,656,70,1,0,0,19.40,46.70
12,16,16,2250,656,70,1,0,0,19.40,46.60
12,15,15,2115,617,56,1,0,0,19.40,46.50
12,15,15,2115,617,56,1,0,0,19.40,46.60
12,15,15,2115,617,56,1,0,0,19.40,46.60
10,13,13,2019,590,54,1,0,0,19.40,46.70
10,13,13,2019,590,54,1,0,0,19.40,46.70
10,13,13,2019,590,54,1,0,0,19.40,46.50
9,11,11,1833,534,44,1,0,0,19.40,46.70
9,11,11,1833,534,44,1,0,0,19.40,46.70
9,11,11,1833,534,44,1,0,0,19.40,46.70
9,11,11,1644,483,40,1,0,0,19.40,46.70
9,11,11,1644,483,40,1,0,0,19.40,46.60
9,11,11,1644,483,40,1,0,0,19.40,46.80
8,10,10,1584,473,37,2,0,0,19.40,46.60
8,10,10,1584,473,37,2,0,0,19.40,46.50
8,10,10,1584,473,37,2,0,0,19.40,46.60
8,10,10,1569,469,40,2,0,0,19.40,46.60
8,10,10,1569,469,40,2,0,0,19.40,46.60
8,10,10,1569,469,40,2,0,0,19.40,46.60
8,9,9,1542,461,40,2,0,0,19.40,46.60
9,10,10,1542,461,40,2,0,0,19.40,46.50
9,10,10,1542,461,40,2,0,0,19.40,46.50
9,10,10,1563,470,33,2,0,0,19.40,46.50
9,10,10,1563,470,33,2,0,0,19.40,46.50
9,10,10,1563,470,33,2,0,0,19.40,46.50
9,11,11,1593,482,33,2,0,0,19.40,46.50
9,11,11,1593,482,33,2,0,0,19.40,46.60
9,11,11,1593,482,33,2,0,0,19.40,46.60
9,11,11,1620,494,35,1,0,0,19.40,46.60
9,11,11,1620,494,35,1,0,0,19.40,46.60
9,11,11,1620,494,35,1,0,0,19.40,46.50
9,10,10,1545,472,42,1,0,0,19.30,46.50
9,10,10,1545,472,42,1,0,0,19.40,46.70
9,10,10,1545,472,42,1,0,0,19.40,46.40
9,11,11,1611,496,40,1,0,0,19.40,46.50
9,11,11,1611,496,40,1,0,0,19.40,46.50
9,11,11,1611,496,40,1,0,0,19.40,46.50
9,11,11,1593,491,38,1,0,0,19.40,46.50
9,11,11,1593,491,38,1,0,0,19.40,46.60
9,11,11,1593,491,38,1,0,0,19.40,46.60
9,11,11,1614,499,42,1,0,0,19.40,46.60
9,11,11,1614,499,42,1,0,0,19.40,46.50
9,11,11,1614,499,42,1,0,0,19.40,46.50
9,10,10,1548,477,42,0,0,0,19.30,46.60
9,10,10,1548,477,42,0,0,0,19.40,46.50
9,10,10,1548,477,42,0,0,0,19.40,46.50
9,10,10,1518,464,40,0,0,0,19.40,46.50
9,10,10,1518,464,40,0,0,0,19.40,46.50
9,10,10,1518,464,40,0,0,0,19.40,46.40
8,10,10,1509,464,40,1,0,0,19.40,46.40
8,10,10,1509,464,40,1,0,0,19.40,46.60
8,10,10,1509,464,40,1,0,0,19.40,46.60
9,11,11,1578,479,47,1,0,0,19.40,46.50
9,11,11,1578,479,47,1,0,0,19.40,46.50
9,11,11,1578,479,47,1,0,0,19.40,46.50
9,10,10,1587,474,49,1,0,0,19.40,46.60
9,10,10,1587,474,49,1,0,0,19.40,46.60
9,10,10,1587,474,49,1,0,0,19.40,46.70
8,10,10,1530,455,47,2,0,0,19.40,46.60
8,10,10,1530,455,47,2,0,0,19.40,46.50
8,10,10,1530,455,47,2,0,0,19.40,46.60
9,11,11,1632,491,49,3,0,0,19.40,46.60
9,11,11,1632,491,49,3,0,0,19.40,46.60
9,11,11,1632,491,49,3,0,0,19.40,46.60
9,11,11,1605,481,49,3,0,0,19.40,46.70
9,11,11,1605,481,49,3,0,0,19.30,46.50
9,11,11,1605,481,49,3,0,0,19.40,46.70
9,11,11,1614,484,47,4,0,0,19.30,46.60
9,11,11,1614,484,47,4,0,0,19.40,46.50
9,11,11,1614,484,47,4,0,0,19.40,46.50
9,12,12,1656,498,52,4,0,0,19.40,46.50
9,12,12,1656,498,52,4,0,0,19.30,46.60
9,12,12,1656,498,52,4,0,0,19.30,46.50
9,12,12,1635,496,50,4,0,0,19.30,46.60
9,12,12,1635,496,50,4,0,0,19.30,46.40
9,12,12,1635,496,50,4,0,0,19.40,46.50
9,12,12,1674,513,54,4,0,0,19.40,46.40
9,12,12,1674,513,54,4,0,0,19.40,46.40
9,12,12,1674,513,54,4,0,0,19.30,46.50
9,11,11,1593,484,50,3,0,0,19.40,46.40
9,11,11,1593,484,50,3,0,0,19.30,46.60
9,11,11,1593,484,50,3,0,0,19.40,46.50
8,11,11,1506,460,48,3,0,0,19.30,46.50
8,11,11,1506,460,48,3,0,0,19.30,46.50
8,11,11,1506,460,48,3,0,0,19.30,46.50
8,11,11,1461,445,53,4,0,0,19.40,46.50
8,11,11,1461,445,53,4,0,0,19.30,46.60
8,11,11,1461,445,53,4,0,0,19.30,46.40
9,11,11,1536,469,61,3,0,0,19.40,46.70
9,11,11,1536,469,61,3,0,0,19.30,46.50
9,11,11,1536,469,61,3,0,0,19.30,46.50
9,11,12,1536,469,61,3,0,0,19.30,46.60
9,11,12,1536,469,61,3,0,0,19.30,46.50
9,11,12,1536,469,61,3,0,0,19.40,46.50
9,12,12,1632,498,66,3,0,0,19.40,46.70
9,12,12,1632,498,66,3,0,0,19.40,46.70
9,12,12,1632,498,66,3,0,0,19.30,46.70
10,13,13,1728,531,75,2,0,0,19.30,46.70
10,13,13,1728,531,75,2,0,0,19.40,46.70
10,13,13,1728,531,75,2,0,0,19.40,46.70
10,12,13,1731,534,68,3,0,0,19.30,46.70
10,12,13,1731,534,68,3,0,0,19.30,46.80
10,12,13,1731,534,68,3,0,0,19.30,46.70
11,14,14,1848,566,77,3,0,0,19.30,46.80
11,14,14,1848,566,77,3,0,0,19.30,46.70
11,14,14,1848,566,77,3,0,0,19.30,46.70
10,14,14,1794,550,77,4,0,0,19.30,46.80
10,14,14,1794,550,77,4,0,0,19.30,46.70
10,14,14,1794,550,77,4,0,0,19.30,46.60
11,15,15,1869,577,82,5,0,0,19.30,46.80
11,15,15,1869,577,82,5,0,0,19.30,46.70
11,15,15,1869,577,82,5,0,0,19.30,46.80
11,15,15,1896,588,84,5,0,0,19.30,46.70
11,15,15,1896,588,84,5,0,0,19.30,46.80
11,15,15,1896,588,84,5,0,0,19.30,46.80
11,15,16,1977,615,77,4,0,0,19.40,46.60
11,15,16,1977,615,77,4,0,0,19.30,46.80
11,15,16,1977,615,77,4,0,0,19.30,46.70
11,15,16,1974,617,71,5,0,0,19.30,46.60
11,15,16,1974,617,71,5,0,0,19.30,46.70
11,15,16,1974,617,71,5,0,0,19.30,46.70
11,15,15,1944,601,64,5,0,0,19.30,46.60
11,15,15,1944,601,64,5,0,0,19.30,46.80
11,15,15,1944,601,64,5,0,0,19.30,46.70
11,15,15,1905,592,63,5,0,0,19.30,46.70
11,15,15,1905,592,63,5,0,0,19.30,46.80
11,15,15,1905,592,63,5,0,0,19.30,46.70
10,14,15,1836,564,56,6,1,0,19.30,46.70
10,14,15,1836,564,56,6,1,0,19.30,46.80
10,14,15,1836,564,56,6,1,0,19.30,46.70
10,13,15,1800,551,58,5,1,0,19.30,46.80
10,13,15,1800,551,58,5,1,0,19.30,46.70
10,13,15,1800,551,58,5,1,0,19.30,46.70
10,13,15,1845,563,56,6,1,0,19.30,46.70
10,13,15,1845,563,56,6,1,0,19.30,46.70
10,13,15,1845,563,56,6,1,0,19.30,46.80
10,12,14,1839,560,47,5,1,0,19.30,46.80
10,12,14,1839,560,47,5,1,0,19.30,46.90
10,12,14,1839,560,47,5,1,0,19.30,46.70
10,12,14,1824,555,42,4,1,0,19.30,46.80
10,12,14,1824,555,42,4,1,0,19.30,46.80
10,12,14,1824,555,42,4,1,0,19.30,46.80
11,12,14,1848,561,42,4,1,0,19.30,46.80
11,12,14,1848,561,42,4,1,0,19.30,46.70
11,12,14,1848,561,42,4,1,0,19.30,46.70
10,11,13,1791,551,45,4,1,0,19.30,46.80
10,11,13,1791,551,45,4,1,0,19.20,46.80
10,11,13,1791,551,45,4,1,0,19.30,46.80
9,11,12,1740,532,46,3,1,0,19.30,46.80
10,12,13,1740,532,46,3,1,0,19.30,46.80
10,12,13,1740,532,46,3,1,0,19.30,46.80
10,11,12,1692,519,44,2,1,0,19.30,46.90
9,10,11,1692,519,44,2,1,0,19.30,46.70
9,10,11,1692,519,44,2,1,0,19.30,46.80
9,11,12,1743,531,49,2,1,0,19.30,46.70
9,11,12,1743,531,49,2,1,0,19.30,46.80
9,11,12,1743,531,49,2,1,0,19.30,46.80
10,11,12,1776,545,47,1,0,0,19.30,46.80
10,11,12,1776,545,47,1,0,0,19.30,46.90
10,11,12,1776,545,47,1,0,0,19.30,46.80
10,11,12,1797,545,45,1,0,0,19.30,46.90
10,11,12,1797,545,45,1,0,0,19.30,46.90
10,11,12,1797,545,45,1,0,0,19.30,46.90
9,10,10,1716,523,40,0,0,0,19.30,46.80
9,10,10,1716,523,40,0,0,0,19.30,47.00
10,11,11,1716,523,40,0,0,0,19.20,47.00
11,12,12,1752,533,49,1,0,0,19.20,47.00
11,12,12,1752,533,49,1,0,0,19.30,46.90
11,12,12,1752,533,49,1,0,0,19.30,46.90
11,13,13,1773,543,53,1,0,0,19.20,46.90
11,13,13,1773,543,53,1,0,0,19.30,46.90
11,13,13,1773,543,53,1,0,0,19.30,46.90
10,12,12,1704,523,50,1,0,0,19.30,46.90
10,12,12,1704,523,50,1,0,0,19.30,46.90
